Article,Désignation article,UQS,Qté par palette,Type palette,Hauteur palette (cm),Niveaux gerbage max,Famille
1000102657,PF BAC RANGEMENT REF 23,PC,144,ISO 1200x1000,150,2,F2
1000112046,PF ENJOLIVEUR LATERAL REF 14,PC,144,EUR 1200x800,90,3,F5
1000184644,PF RESERVOIR LAVE-GLACE REF 18,PC,200,EUR 1200x800,135,2,F3
1000202814,PF CARTER PROTECTION NOIR REF 06,PC,144,EUR 1200x800,110,3,F2
1000207622,PF GRANULE PE NOIR BIG BAG,KG,400,ISO 1200x1000,150,2,F3
1000216115,PF PLAQUE INSONORISANTE REF 33,PC,480,EUR 1200x800,135,2,F2
1000224906,PF COUVERCLE BATTERIE REF 13,PC,144,EUR 1200x800,110,3,F2
1000320436,PF JOINT ETANCHEITE 60MM REF 10,PC,60,EUR 1200x800,170,1,F2
1000334130,PF PLATINE ELECTRONIQUE REF 12,PC,480,EUR 1200x800,180,1,F3
1000351589,PF BOITIER COMMANDE REF 31,PC,48,EUR 1200x800,115,2,F3
1000401193,PF FAISCEAU CABLE 1M2 REF 05,PC,240,EUR 1200x800,130,2,F1
1000429497,PF PANNEAU PORTE DROIT REF 22,PC,96,EUR 1200x800,125,2,F2
1000435003,PF CAPTEUR TEMPERATURE REF 17,PC,120,EUR 1200x800,90,3,F5
1000516512,PF SUPPORT PARE-CHOC REF 19,PC,320,EUR 1200x800,165,1,F1
1000541046,PF CLIP FIXATION X100 REF 30,PC,144,EUR 1200x800,155,1,F1
1000562521,PF BRIDE SERRAGE INOX REF 16,PC,144,EUR 1200x800,145,2,F3
1000614102,PF SUPPORT FIXATION ACIER REF 03,PC,48,EUR 1200x800,100,3,F1
1000614750,PF COQUE RETROVISEUR REF 32,PC,120,EUR 1200x800,165,1,F1
1000626925,PF BOITIER 12V REF 01,PC,24,EUR 1200x800,110,3,F1
1000636685,PF TUYAU REFROIDISSEMENT REF 28,PC,200,EUR 1200x800,170,1,F2
1000674421,PF GRANULE PP SAC 25KG,KG,750,ISO 1200x1000,135,2,F3
1000683594,PF BOITIER SERIE SPECIALE REF 34,PC,48,EUR 1200x800,145,2,F2
1000700381,PF BOITIER FUSIBLES REF 11,PC,72,EUR 1200x800,115,2,F1
1000715011,PF POUDRE EPOXY SAC 20KG,KG,750,ISO 1200x1000,115,2,F5
1000730226,PF CAPOT MOTEUR GRIS REF 02,PC,24,ISO 1200x1000,90,3,F1
1000744039,PF PATTE FIXATION REF 26,PC,480,EUR 1200x800,120,2,F1
1000751673,PF BOUCHON RESERVOIR REF 07,PC,200,EUR 1200x800,180,1,F1
1000778636,PF GRILLE AERATION BLANCHE REF 08,PC,144,EUR 1200x800,165,1,F2
1000812390,PF CACHE MOTEUR REF 20,PC,24,EUR 1200x800,115,2,F4
1000818461,PF CONSOLE CENTRALE REF 24,PC,36,EUR 1200x800,115,2,F2
1000866025,PF GAINE ELECTRIQUE 25MM REF 25,PC,144,EUR 1200x800,95,3,F4
1000887507,PF COMPOUND ABS VRAC OCTABIN,KG,600,ISO 1200x1000,125,1,F4
1000905427,PF PANNEAU PORTE GAUCHE REF 21,PC,72,EUR 1200x800,155,1,F1
1000910625,PF ECROU PLASTIQUE M8 REF 29,PC,72,ISO 1200x1000,115,2,F3
1000914295,PF CONNECTEUR 4 VOIES REF 04,PC,320,EUR 1200x800,105,3,F4
1000921426,PF CONDUIT AIR 80MM REF 15,PC,200,EUR 1200x800,100,3,F1
1000954340,PF FILTRE HABITACLE REF 27,PC,480,EUR 1200x800,90,3,F3
1000956436,PF MELANGE MAITRE BLANC SAC,KG,600,ISO 1200x1000,140,1,F5
1000983322,PF POIGNEE PORTE CHROME REF 09,PC,96,EUR 1200x800,175,1,F3
