Article,Date entrée,Date sortie,Qté,Palettes,Destination,Séjour (jours),Doc.article sortie
1000184644,20.09.2026,21.09.2026,1000,5,Client (601),1,4901254406
1000202814,20.09.2026,21.09.2026,288,2,Client (601),1,4901254431
1000184644,20.09.2026,21.09.2026,317,2,Client (601),1,4901254431
1000700381,20.09.2026,21.09.2026,334,5,Client (601),1,4901254431
1000866025,20.09.2026,21.09.2026,720,5,Client (601),1,4901254446
1000921426,20.09.2026,21.09.2026,1000,5,Client (601),1,4901254446
1000202814,20.09.2026,21.09.2026,720,5,Client (601),1,4901254536
1000224906,20.09.2026,21.09.2026,720,5,Client (601),1,4901254536
1000818461,20.09.2026,21.09.2026,108,3,Client (601),1,4901254561
1000334130,20.09.2026,21.09.2026,1920,4,EMRT (311),1,4901254591
1000921426,20.09.2026,21.09.2026,1600,8,Client (601),1,4901254626
1000700381,20.09.2026,21.09.2026,360,5,Client (601),1,4901254626
1000983322,20.09.2026,21.09.2026,384,4,Client (601),1,4901254626
1000435003,20.09.2026,21.09.2026,120,1,EMRT (311),1,4901254637
1000812390,20.09.2026,21.09.2026,48,2,EMRT (311),1,4901254645
1000812390,20.09.2026,21.09.2026,72,3,Client (601),1,4901254669
1000954340,20.09.2026,21.09.2026,698,2,Client (601),1,4901254695
1000715011,20.09.2026,21.09.2026,2250,3,Client (601),1,4901254695
1000320436,20.09.2026,21.09.2026,60,1,Client (601),1,4901254695
1000700381,20.09.2026,22.09.2026,576,8,Client (601),2,4901254730
1000910625,20.09.2026,22.09.2026,288,4,Client (601),2,4901254730
1000207622,20.09.2026,22.09.2026,2000,5,Client (601),2,4901254770
1000334130,20.09.2026,22.09.2026,960,2,Client (601),2,4901254786
1000914295,20.09.2026,22.09.2026,320,1,Client (601),2,4901254786
1000700381,20.09.2026,22.09.2026,174,3,Client (601),2,4901254786
1000983322,20.09.2026,22.09.2026,288,3,EMRT (311),2,4901254788
1000778636,20.09.2026,22.09.2026,288,2,EMRT (311),2,4901254795
1000334130,20.09.2026,22.09.2026,960,2,Client (601),2,4901254804
1000516512,20.09.2026,22.09.2026,1280,4,Client (601),2,4901254804
1000334130,20.09.2026,22.09.2026,3530,8,Client (601),2,4901254828
1000778636,20.09.2026,22.09.2026,720,5,Client (601),2,4901254828
1000334130,20.09.2026,22.09.2026,278,1,Client (601),2,4901254879
1000351589,20.09.2026,22.09.2026,96,2,Client (601),2,4901254879
1000636685,20.09.2026,22.09.2026,800,4,Client (601),2,4901254879
1000730226,20.09.2026,22.09.2026,24,1,Client (601),2,4901254900
1000751673,20.09.2026,22.09.2026,1096,6,Client (601),2,4901254900
1000216115,20.09.2026,22.09.2026,480,1,Client (601),2,4901254900
1000216115,20.09.2026,22.09.2026,1440,3,EMRT (311),2,4901254931
1000429497,20.09.2026,22.09.2026,288,3,Client (601),2,4901254939
1000435003,20.09.2026,22.09.2026,120,1,Client (601),2,4901254973
1000954340,20.09.2026,22.09.2026,960,2,Client (601),2,4901254973
1000562521,20.09.2026,22.09.2026,144,1,Client (601),2,4901254989
1000224906,20.09.2026,22.09.2026,144,1,Client (601),2,4901254989
1000614102,20.09.2026,23.09.2026,96,2,Client (601),3,4901255001
1000636685,20.09.2026,23.09.2026,400,2,Client (601),3,4901255001
1000435003,20.09.2026,23.09.2026,960,8,Client (601),3,4901255015
1000910625,20.09.2026,23.09.2026,288,4,Client (601),3,4901255015
1000334130,20.09.2026,23.09.2026,1440,3,Client (601),3,4901255015
1000614102,20.09.2026,23.09.2026,96,2,EMRT (311),3,4901255064
1000334130,20.09.2026,23.09.2026,960,2,Client (601),3,4901255079
1000730226,20.09.2026,23.09.2026,120,5,Client (601),3,4901255079
1000956436,20.09.2026,23.09.2026,600,1,Client (601),3,4901255108
1000744039,20.09.2026,23.09.2026,2880,6,Client (601),3,4901255108
1000910625,20.09.2026,23.09.2026,144,2,Client (601),3,4901255149
1000614102,20.09.2026,23.09.2026,48,1,Client (601),3,4901255149
1000744039,20.09.2026,23.09.2026,1440,3,Client (601),3,4901255195
1000216115,20.09.2026,23.09.2026,1920,4,Client (601),3,4901255195
1000435003,20.09.2026,23.09.2026,480,4,EMRT (311),3,4901255202
1000983322,20.09.2026,23.09.2026,192,2,EMRT (311),3,4901255205
1000954340,20.09.2026,23.09.2026,1440,3,Client (601),3,4901255223
1000320436,20.09.2026,23.09.2026,268,5,Client (601),3,4901255223
1000614102,20.09.2026,23.09.2026,336,7,Client (601),3,4901255245
1000730226,20.09.2026,23.09.2026,35,2,Client (601),3,4901255266
1000914295,20.09.2026,24.09.2026,640,2,Client (601),4,4901255275
1000562521,20.09.2026,24.09.2026,432,3,Client (601),4,4901255293
1000202814,20.09.2026,24.09.2026,381,3,Client (601),4,4901255293
1000778636,20.09.2026,24.09.2026,288,2,Client (601),4,4901255293
1000910625,20.09.2026,24.09.2026,41,1,Client (601),4,4901255293
1000112046,20.09.2026,24.09.2026,288,2,Client (601),4,4901255324
1000102657,20.09.2026,24.09.2026,720,5,Client (601),4,4901255324
1000216115,20.09.2026,24.09.2026,480,1,Client (601),4,4901255324
1000429497,20.09.2026,24.09.2026,192,2,EMRT (311),4,4901255348
1000812390,20.09.2026,24.09.2026,24,1,Client (601),4,4901255351
1000636685,20.09.2026,24.09.2026,600,3,Client (601),4,4901255351
1000818461,20.09.2026,24.09.2026,72,2,Client (601),4,4901255367
1000910625,20.09.2026,24.09.2026,144,2,Client (601),4,4901255367
1000751673,20.09.2026,24.09.2026,800,4,Client (601),4,4901255367
1000983322,20.09.2026,24.09.2026,416,5,Client (601),4,4901255390
1000887507,20.09.2026,24.09.2026,1800,3,EMRT (311),4,4901255399
1000778636,20.09.2026,24.09.2026,128,1,Client (601),4,4901255426
1000674421,20.09.2026,24.09.2026,4906.75,7,Client (601),4,4901255426
1000730226,20.09.2026,24.09.2026,72,3,EMRT (311),4,4901255448
1000351589,20.09.2026,24.09.2026,372,8,Client (601),4,4901255466
1000112046,20.09.2026,24.09.2026,432,3,Client (601),4,4901255466
1000202814,20.09.2026,24.09.2026,288,2,Client (601),4,4901255492
1000626925,20.09.2026,24.09.2026,72,3,Client (601),4,4901255517
1000435003,20.09.2026,24.09.2026,685,6,Client (601),4,4901255532
1000910625,20.09.2026,25.09.2026,144,2,Client (601),5,4901255551
1000334130,20.09.2026,25.09.2026,960,2,Client (601),5,4901255551
1000954340,20.09.2026,25.09.2026,2880,6,Client (601),5,4901255572
1000351589,20.09.2026,25.09.2026,96,2,Client (601),5,4901255572
1000516512,20.09.2026,25.09.2026,960,3,Client (601),5,4901255572
1000730226,20.09.2026,25.09.2026,24,1,Client (601),5,4901255572
1000715011,20.09.2026,25.09.2026,4007.75,6,Client (601),5,4901255604
1000614102,20.09.2026,25.09.2026,48,1,Client (601),5,4901255604
1000207622,20.09.2026,25.09.2026,1348.5,4,Client (601),5,4901255604
1000102657,20.09.2026,25.09.2026,497,4,Client (601),5,4901255604
1000674421,20.09.2026,25.09.2026,1500,2,Client (601),5,4901255668
1000112046,20.09.2026,25.09.2026,1008,7,Client (601),5,4901255668
1000202814,20.09.2026,25.09.2026,255,2,Client (601),5,4901255668
1000636685,20.09.2026,25.09.2026,600,3,EMRT (311),5,4901255671
1000866025,20.09.2026,25.09.2026,288,2,EMRT (311),5,4901255676
1000730226,20.09.2026,25.09.2026,96,4,EMRT (311),5,4901255687
1000983322,20.09.2026,25.09.2026,96,1,EMRT (311),5,4901255697
1000818461,20.09.2026,25.09.2026,216,6,Client (601),5,4901255703
1000320436,20.09.2026,25.09.2026,240,4,Client (601),5,4901255703
1000956436,20.09.2026,25.09.2026,600,1,Client (601),5,4901255703
1000887507,20.09.2026,25.09.2026,600,1,Client (601),5,4901255703
1000351589,20.09.2026,25.09.2026,135,3,Client (601),5,4901255744
1000812390,20.09.2026,25.09.2026,24,1,Client (601),5,4901255744
1000983322,20.09.2026,25.09.2026,96,1,Client (601),5,4901255777
1000914295,20.09.2026,25.09.2026,640,2,Client (601),5,4901255777
1000778636,20.09.2026,25.09.2026,144,1,Client (601),5,4901255816
1000914295,20.09.2026,26.09.2026,640,2,Client (601),6,4901255860
1000202814,20.09.2026,26.09.2026,1008,7,Client (601),6,4901255860
1000351589,20.09.2026,26.09.2026,144,3,Client (601),6,4901255887
1000202814,20.09.2026,26.09.2026,576,4,EMRT (311),6,4901255907
1000983322,20.09.2026,26.09.2026,288,3,EMRT (311),6,4901255923
1000914295,20.09.2026,26.09.2026,640,2,Client (601),6,4901255928
1000541046,20.09.2026,26.09.2026,720,5,Client (601),6,4901255928
1000910625,20.09.2026,26.09.2026,216,3,Client (601),6,4901255946
1000207622,20.09.2026,26.09.2026,800,2,Client (601),6,4901255946
1000956436,20.09.2026,26.09.2026,3600,6,Client (601),6,4901255946
1000914295,20.09.2026,26.09.2026,1280,4,Client (601),6,4901255946
1000921426,20.09.2026,26.09.2026,600,3,Client (601),6,4901255993
1000320436,20.09.2026,26.09.2026,60,1,Client (601),6,4901255993
1000921426,20.09.2026,26.09.2026,200,1,EMRT (311),6,4901255996
1000956436,20.09.2026,26.09.2026,1800,3,Client (601),6,4901256036
1000320436,20.09.2026,26.09.2026,360,6,Client (601),6,4901256036
1000910625,20.09.2026,26.09.2026,144,2,EMRT (311),6,4901256050
1000202814,20.09.2026,26.09.2026,188,2,Client (601),6,4901256074
1000812390,20.09.2026,26.09.2026,84,4,Client (601),6,4901256074
1000216115,20.09.2026,26.09.2026,480,1,Client (601),6,4901256105
1000102657,20.09.2026,26.09.2026,864,6,Client (601),6,4901256105
1000401193,20.09.2026,26.09.2026,240,1,Client (601),6,4901256105
1000887507,20.09.2026,26.09.2026,1200,2,Client (601),6,4901256117
1000541046,20.09.2026,26.09.2026,288,2,Client (601),6,4901256117
1000700381,20.09.2026,28.09.2026,72,1,Client (601),8,4901256127
1000914295,20.09.2026,28.09.2026,478,2,Client (601),8,4901256127
1000730226,20.09.2026,28.09.2026,120,5,Client (601),8,4901256157
1000184644,20.09.2026,28.09.2026,400,2,Client (601),8,4901256157
1000216115,20.09.2026,28.09.2026,2773,6,Client (601),8,4901256157
1000435003,20.09.2026,28.09.2026,360,3,EMRT (311),8,4901256203
1000983322,20.09.2026,28.09.2026,672,7,Client (601),8,4901256224
1000541046,20.09.2026,28.09.2026,144,1,Client (601),8,4901256224
1000954340,20.09.2026,28.09.2026,960,2,Client (601),8,4901256224
1000887507,20.09.2026,28.09.2026,2400,4,Client (601),8,4901256296
1000224906,20.09.2026,28.09.2026,390,3,Client (601),8,4901256296
1000905427,20.09.2026,28.09.2026,101,2,Client (601),8,4901256296
1000429497,20.09.2026,28.09.2026,96,1,Client (601),8,4901256346
1000910625,20.09.2026,28.09.2026,216,3,EMRT (311),8,4901256376
1000429497,20.09.2026,28.09.2026,414,5,Client (601),8,4901256383
1000112046,20.09.2026,28.09.2026,288,2,Client (601),8,4901256383
1000983322,20.09.2026,28.09.2026,192,2,EMRT (311),8,4901256390
1000626925,20.09.2026,28.09.2026,72,3,Client (601),8,4901256406
1000224906,20.09.2026,28.09.2026,266,2,Client (601),8,4901256406
1000614102,20.09.2026,28.09.2026,240,5,Client (601),8,4901256408
1000818461,20.09.2026,28.09.2026,139,4,Client (601),8,4901256408
1000818461,21.09.2026,28.09.2026,36,1,Client (601),7,4901256408
1000818461,21.09.2026,28.09.2026,5,1,Client (601),7,4901256408
1000435003,20.09.2026,29.09.2026,35,1,Client (601),9,4901256432
1000435003,23.09.2026,29.09.2026,120,1,Client (601),6,4901256432
1000435003,23.09.2026,29.09.2026,85,1,Client (601),6,4901256432
1000334130,20.09.2026,29.09.2026,1440,3,Client (601),9,4901256432
1000910625,20.09.2026,29.09.2026,29,1,Client (601),9,4901256455
1000778636,20.09.2026,29.09.2026,144,1,Client (601),9,4901256455
1000334130,20.09.2026,29.09.2026,960,2,Client (601),9,4901256513
1000224906,20.09.2026,29.09.2026,576,4,Client (601),9,4901256513
1000614750,20.09.2026,29.09.2026,120,1,EMRT (311),9,4901256530
1000910625,20.09.2026,29.09.2026,545,8,Client (601),9,4901256554
1000674421,20.09.2026,29.09.2026,750,1,Client (601),9,4901256554
1000202814,20.09.2026,29.09.2026,432,3,EMRT (311),9,4901256571
1000954340,20.09.2026,29.09.2026,742,2,Client (601),9,4901256582
1000954340,24.09.2026,29.09.2026,76,1,Client (601),5,4901256582
1000910625,20.09.2026,29.09.2026,72,1,Client (601),9,4901256582
1000216115,20.09.2026,29.09.2026,1920,4,Client (601),9,4901256582
1000207622,20.09.2026,29.09.2026,800,2,Client (601),9,4901256605
1000910625,20.09.2026,29.09.2026,56,1,Client (601),9,4901256663
1000351589,20.09.2026,29.09.2026,96,2,EMRT (311),9,4901256675
1000778636,20.09.2026,29.09.2026,144,1,Client (601),9,4901256700
1000184644,20.09.2026,29.09.2026,400,2,Client (601),9,4901256700
1000983322,20.09.2026,29.09.2026,160,2,Client (601),9,4901256700
1000983322,21.09.2026,29.09.2026,96,1,Client (601),8,4901256700
1000983322,21.09.2026,29.09.2026,32,1,Client (601),8,4901256700
1000812390,20.09.2026,29.09.2026,17,1,Client (601),9,4901256700
1000562521,20.09.2026,29.09.2026,288,2,Client (601),9,4901256713
1000778636,20.09.2026,29.09.2026,432,3,Client (601),9,4901256713
1000320436,20.09.2026,29.09.2026,300,5,Client (601),9,4901256729
1000207622,20.09.2026,29.09.2026,1600,4,Client (601),9,4901256729
1000921426,20.09.2026,29.09.2026,1000,5,Client (601),9,4901256729
1000202814,20.09.2026,30.09.2026,672,5,Client (601),10,4901256749
1000921426,20.09.2026,30.09.2026,400,2,Client (601),10,4901256749
1000435003,23.09.2026,30.09.2026,35,1,Client (601),7,4901256749
1000435003,23.09.2026,30.09.2026,120,1,Client (601),7,4901256749
1000435003,23.09.2026,30.09.2026,120,1,Client (601),7,4901256749
1000435003,23.09.2026,30.09.2026,85,1,Client (601),7,4901256749
1000562521,20.09.2026,30.09.2026,144,1,Client (601),10,4901256753
1000216115,20.09.2026,30.09.2026,480,1,Client (601),10,4901256753
1000983322,21.09.2026,30.09.2026,64,1,Client (601),9,4901256753
1000983322,23.09.2026,30.09.2026,32,1,Client (601),7,4901256753
1000921426,20.09.2026,30.09.2026,200,1,EMRT (311),10,4901256766
1000334130,20.09.2026,30.09.2026,960,2,Client (601),10,4901256782
1000812390,20.09.2026,30.09.2026,72,3,Client (601),10,4901256826
1000910625,20.09.2026,30.09.2026,72,1,EMRT (311),10,4901256829
1000910625,20.09.2026,30.09.2026,72,1,EMRT (311),10,4901256833
1000351589,20.09.2026,30.09.2026,192,4,Client (601),10,4901256852
1000818461,21.09.2026,30.09.2026,31,1,Client (601),9,4901256888
1000818461,22.09.2026,30.09.2026,36,1,Client (601),8,4901256888
1000818461,22.09.2026,30.09.2026,5,1,Client (601),8,4901256888
1000744039,20.09.2026,30.09.2026,960,2,Client (601),10,4901256888
1000224906,20.09.2026,30.09.2026,144,1,Client (601),10,4901256888
1000866025,20.09.2026,30.09.2026,576,4,Client (601),10,4901256888
1000730226,20.09.2026,30.09.2026,13,1,EMRT (311),10,4901256924
1000730226,22.09.2026,30.09.2026,24,1,EMRT (311),8,4901256924
1000730226,22.09.2026,30.09.2026,24,1,EMRT (311),8,4901256924
1000730226,22.09.2026,30.09.2026,11,1,EMRT (311),8,4901256924
1000887507,20.09.2026,30.09.2026,1200,2,Client (601),10,4901256934
1000910625,20.09.2026,30.09.2026,121,2,Client (601),10,4901256934
1000910625,21.09.2026,30.09.2026,23,1,Client (601),9,4901256934
1000216115,20.09.2026,30.09.2026,2400,5,Client (601),10,4901256934
1000516512,20.09.2026,30.09.2026,640,2,EMRT (311),10,4901256943
1000905427,20.09.2026,30.09.2026,72,1,EMRT (311),10,4901256976
1000112046,20.09.2026,30.09.2026,120,1,Client (601),10,4901256983
1000320436,20.09.2026,30.09.2026,92,2,Client (601),10,4901256983
1000320436,23.09.2026,30.09.2026,60,1,Client (601),7,4901256983
1000320436,23.09.2026,30.09.2026,60,1,Client (601),7,4901256983
1000320436,23.09.2026,30.09.2026,60,1,Client (601),7,4901256983
1000320436,24.09.2026,30.09.2026,60,1,Client (601),6,4901256983
1000320436,25.09.2026,30.09.2026,60,1,Client (601),5,4901256983
1000320436,26.09.2026,30.09.2026,60,1,Client (601),4,4901256983
1000320436,26.09.2026,30.09.2026,28,1,Client (601),4,4901256983
1000102657,20.09.2026,30.09.2026,432,3,Client (601),10,4901256983
1000778636,20.09.2026,30.09.2026,432,3,Client (601),10,4901257000
1000921426,20.09.2026,30.09.2026,465,3,Client (601),10,4901257004
1000887507,20.09.2026,30.09.2026,2130.25,4,Client (601),10,4901257007
1000910625,21.09.2026,30.09.2026,49,1,Client (601),9,4901257007
1000910625,21.09.2026,30.09.2026,72,1,Client (601),9,4901257007
1000910625,21.09.2026,30.09.2026,72,1,Client (601),9,4901257007
1000910625,21.09.2026,30.09.2026,72,1,Client (601),9,4901257007
1000910625,21.09.2026,30.09.2026,63,1,Client (601),9,4901257007
1000778636,20.09.2026,01.10.2026,864,6,Client (601),11,4901257032
1000216115,20.09.2026,01.10.2026,1920,4,Client (601),11,4901257032
1000921426,20.09.2026,01.10.2026,400,2,Client (601),11,4901257048
1000334130,20.09.2026,01.10.2026,388,1,Client (601),11,4901257048
1000516512,20.09.2026,01.10.2026,106,1,Client (601),11,4901257048
1000674421,20.09.2026,01.10.2026,750,1,Client (601),11,4901257082
1000320436,26.09.2026,01.10.2026,32,1,Client (601),5,4901257137
1000320436,26.09.2026,01.10.2026,60,1,Client (601),5,4901257137
1000320436,26.09.2026,01.10.2026,28,1,Client (601),5,4901257137
1000812390,20.09.2026,01.10.2026,116,5,Client (601),11,4901257137
1000112046,20.09.2026,01.10.2026,288,2,Client (601),11,4901257137
1000674421,20.09.2026,01.10.2026,2250,3,Client (601),11,4901257186
1000224906,20.09.2026,01.10.2026,720,5,Client (601),11,4901257186
1000614102,20.09.2026,01.10.2026,288,6,Client (601),11,4901257221
1000614102,22.09.2026,01.10.2026,48,1,Client (601),9,4901257221
1000956436,20.09.2026,01.10.2026,1200,2,EMRT (311),11,4901257225
1000516512,20.09.2026,01.10.2026,1920,6,Client (601),11,4901257252
1000429497,20.09.2026,01.10.2026,359,4,Client (601),11,4901257252
1000224906,20.09.2026,01.10.2026,576,4,EMRT (311),11,4901257258
1000730226,22.09.2026,01.10.2026,13,1,Client (601),9,4901257279
1000730226,22.09.2026,01.10.2026,11,1,Client (601),9,4901257279
1000744039,20.09.2026,01.10.2026,480,1,Client (601),11,4901257279
1000914295,20.09.2026,01.10.2026,468,2,Client (601),11,4901257318
1000216115,20.09.2026,01.10.2026,1440,3,Client (601),11,4901257318
1000983322,23.09.2026,01.10.2026,64,1,Client (601),8,4901257327
1000983322,23.09.2026,01.10.2026,32,1,Client (601),8,4901257327
1000202814,20.09.2026,02.10.2026,288,2,Client (601),12,4901257357
1000516512,20.09.2026,02.10.2026,544,2,Client (601),12,4901257357
1000614102,22.09.2026,02.10.2026,48,1,Client (601),10,4901257414
1000614102,22.09.2026,02.10.2026,23,1,Client (601),10,4901257414
1000910625,21.09.2026,02.10.2026,9,1,Client (601),11,4901257414
1000910625,22.09.2026,02.10.2026,39,1,Client (601),10,4901257414
1000778636,20.09.2026,02.10.2026,144,1,EMRT (311),12,4901257439
1000541046,20.09.2026,02.10.2026,288,2,EMRT (311),12,4901257445
1000334130,20.09.2026,02.10.2026,960,2,Client (601),12,4901257449
1000207622,20.09.2026,02.10.2026,889,3,Client (601),12,4901257449
1000207622,23.09.2026,02.10.2026,400,1,Client (601),9,4901257449
1000207622,23.09.2026,02.10.2026,311,1,Client (601),9,4901257449
1000914295,20.09.2026,02.10.2026,1600,5,Client (601),12,4901257449
1000614750,20.09.2026,02.10.2026,480,4,Client (601),12,4901257449
1000102657,20.09.2026,02.10.2026,288,2,EMRT (311),12,4901257452
1000184644,20.09.2026,02.10.2026,200,1,EMRT (311),12,4901257486
1000744039,20.09.2026,02.10.2026,1440,3,Client (601),12,4901257495
1000202814,20.09.2026,02.10.2026,218,2,Client (601),12,4901257495
1000956436,20.09.2026,02.10.2026,1200,2,Client (601),12,4901257495
1000202814,20.09.2026,02.10.2026,14,1,Client (601),12,4901257523
1000202814,21.09.2026,02.10.2026,144,1,Client (601),11,4901257523
1000202814,21.09.2026,02.10.2026,130,1,Client (601),11,4901257523
1000683594,01.10.2026,02.10.2026,48,1,Client (601),1,4901257533
1000954340,24.09.2026,02.10.2026,404,1,Client (601),8,4901257539
1000954340,24.09.2026,02.10.2026,480,1,Client (601),8,4901257539
1000954340,24.09.2026,02.10.2026,480,1,Client (601),8,4901257539
1000954340,25.09.2026,02.10.2026,480,1,Client (601),7,4901257539
1000954340,25.09.2026,02.10.2026,76,1,Client (601),7,4901257539
1000812390,20.09.2026,02.10.2026,48,2,Client (601),12,4901257539
1000351589,20.09.2026,02.10.2026,144,3,Client (601),12,4901257557
1000429497,20.09.2026,02.10.2026,192,2,Client (601),12,4901257603
1000887507,20.09.2026,02.10.2026,1200,2,Client (601),12,4901257603
1000202814,21.09.2026,02.10.2026,14,1,Client (601),11,4901257603
1000202814,21.09.2026,02.10.2026,144,1,Client (601),11,4901257603
1000202814,21.09.2026,02.10.2026,130,1,Client (601),11,4901257603
1000636685,20.09.2026,02.10.2026,600,3,Client (601),12,4901257603
1000778636,20.09.2026,02.10.2026,448,4,Client (601),12,4901257640
1000778636,21.09.2026,02.10.2026,128,1,Client (601),11,4901257640
1000614102,22.09.2026,02.10.2026,25,1,Client (601),10,4901257640
1000614102,23.09.2026,02.10.2026,23,1,Client (601),9,4901257640
1000887507,20.09.2026,02.10.2026,451,1,Client (601),12,4901257640
1000401193,20.09.2026,02.10.2026,383,2,Client (601),12,4901257640
1000921426,20.09.2026,03.10.2026,267,2,Client (601),13,4901257661
1000910625,22.09.2026,03.10.2026,33,1,Client (601),11,4901257661
1000910625,22.09.2026,03.10.2026,72,1,Client (601),11,4901257661
1000910625,22.09.2026,03.10.2026,72,1,Client (601),11,4901257661
1000910625,22.09.2026,03.10.2026,72,1,Client (601),11,4901257661
1000910625,22.09.2026,03.10.2026,72,1,Client (601),11,4901257661
1000910625,22.09.2026,03.10.2026,39,1,Client (601),11,4901257661
1000435003,23.09.2026,03.10.2026,35,1,Client (601),10,4901257666
1000435003,23.09.2026,03.10.2026,120,1,Client (601),10,4901257666
1000435003,23.09.2026,03.10.2026,85,1,Client (601),10,4901257666
1000562521,20.09.2026,03.10.2026,824,6,Client (601),13,4901257666
1000914295,20.09.2026,03.10.2026,320,1,EMRT (311),13,4901257679
1000983322,23.09.2026,03.10.2026,64,1,Client (601),10,4901257681
1000983322,23.09.2026,03.10.2026,96,1,Client (601),10,4901257681
1000983322,23.09.2026,03.10.2026,96,1,Client (601),10,4901257681
1000983322,23.09.2026,03.10.2026,32,1,Client (601),10,4901257681
1000429497,20.09.2026,03.10.2026,379,4,Client (601),13,4901257681
1000429497,21.09.2026,03.10.2026,96,1,Client (601),12,4901257681
1000429497,21.09.2026,03.10.2026,96,1,Client (601),12,4901257681
1000429497,21.09.2026,03.10.2026,58,1,Client (601),12,4901257681
1000866025,20.09.2026,03.10.2026,493,4,Client (601),13,4901257720
1000866025,22.09.2026,03.10.2026,144,1,Client (601),11,4901257720
1000866025,22.09.2026,03.10.2026,144,1,Client (601),11,4901257720
1000866025,22.09.2026,03.10.2026,61,1,Client (601),11,4901257720
1000562521,20.09.2026,03.10.2026,432,3,EMRT (311),13,4901257730
1000216115,20.09.2026,03.10.2026,1920,4,Client (601),13,4901257778
1000866025,22.09.2026,03.10.2026,288,2,Client (601),11,4901257778
1000202814,21.09.2026,03.10.2026,14,1,Client (601),12,4901257866
1000202814,21.09.2026,03.10.2026,144,1,Client (601),12,4901257866
1000202814,21.09.2026,03.10.2026,130,1,Client (601),12,4901257866
1000516512,20.09.2026,03.10.2026,1280,4,Client (601),13,4901257866
1000429497,21.09.2026,03.10.2026,38,1,EMRT (311),12,4901257921
1000429497,21.09.2026,03.10.2026,96,1,EMRT (311),12,4901257921
1000429497,21.09.2026,03.10.2026,58,1,EMRT (311),12,4901257921
1000102657,20.09.2026,03.10.2026,720,5,Client (601),13,4901257928
1000516512,20.09.2026,03.10.2026,320,1,Client (601),13,4901257946
1000429497,21.09.2026,03.10.2026,38,1,Client (601),12,4901257946
1000429497,21.09.2026,03.10.2026,96,1,Client (601),12,4901257946
1000429497,21.09.2026,03.10.2026,58,1,Client (601),12,4901257946
1000751673,20.09.2026,03.10.2026,400,2,Client (601),13,4901257946
1000914295,20.09.2026,03.10.2026,974,4,Client (601),13,4901257966
1000914295,21.09.2026,03.10.2026,320,1,Client (601),12,4901257966
1000914295,21.09.2026,03.10.2026,320,1,Client (601),12,4901257966
1000914295,21.09.2026,03.10.2026,306,1,Client (601),12,4901257966
