Date,Déclarations (pal),Entrées EXP2 (pal),Sorties EXP2 (pal),Stock EXP2 fin de journée (pal),Saturation EXP2 (%),En attente PRD2 fin de journée (pal)
21.09.2026,74,87,70,916,0.6257,10
22.09.2026,72,65,73,911,0.6223,21
23.09.2026,68,80,68,925,0.6318,17
24.09.2026,63,67,74,925,0.6318,19
25.09.2026,74,77,72,933,0.6373,22
26.09.2026,64,69,75,929,0.6346,26
27.09.2026,0,0,0,929,0.6346,26
28.09.2026,70,73,66,940,0.6421,27
29.09.2026,72,81,64,959,0.6551,25
30.09.2026,64,65,76,950,0.6489,30
01.10.2026,72,82,63,970,0.6626,29
02.10.2026,64,78,64,987,0.6742,21
03.10.2026,70,73,65,997,0.681,25
