Article,Désignation article,Date entrée,Doc.article entrée,Origine,Qté restante,Palettes,Âge (jours)
1000102657,PF BAC RANGEMENT REF 23,20.09.2026,,Stock initial,32,1,13
1000102657,PF BAC RANGEMENT REF 23,24.09.2026,4901255387,PRD2,144,1,9
1000102657,PF BAC RANGEMENT REF 23,24.09.2026,4901255403,PRD2,144,1,9
1000102657,PF BAC RANGEMENT REF 23,24.09.2026,4901255414,PRD2,144,1,9
1000102657,PF BAC RANGEMENT REF 23,24.09.2026,4901255432,PRD2,144,1,9
1000102657,PF BAC RANGEMENT REF 23,24.09.2026,4901255433,PRD2,144,1,9
1000102657,PF BAC RANGEMENT REF 23,25.09.2026,4901255548,PRD2,144,1,8
1000102657,PF BAC RANGEMENT REF 23,25.09.2026,4901255597,PRD2,144,1,8
1000102657,PF BAC RANGEMENT REF 23,25.09.2026,4901255789,PRD2,144,1,8
1000102657,PF BAC RANGEMENT REF 23,25.09.2026,4901255798,PRD2,144,1,8
1000102657,PF BAC RANGEMENT REF 23,25.09.2026,4901255819,PRD2,144,1,8
1000102657,PF BAC RANGEMENT REF 23,25.09.2026,4901255827,PRD2,144,1,8
1000102657,PF BAC RANGEMENT REF 23,25.09.2026,4901255829,PRD2,144,1,8
1000102657,PF BAC RANGEMENT REF 23,25.09.2026,4901255832,PRD2,144,1,8
1000102657,PF BAC RANGEMENT REF 23,25.09.2026,4901255835,PRD2,144,1,8
1000102657,PF BAC RANGEMENT REF 23,25.09.2026,4901255846,PRD2,144,1,8
1000102657,PF BAC RANGEMENT REF 23,25.09.2026,4901255849,PRD2,144,1,8
1000102657,PF BAC RANGEMENT REF 23,26.09.2026,4901255903,PRD2,144,1,7
1000102657,PF BAC RANGEMENT REF 23,26.09.2026,4901255915,PRD2,144,1,7
1000102657,PF BAC RANGEMENT REF 23,26.09.2026,4901255933,PRD2,144,1,7
1000102657,PF BAC RANGEMENT REF 23,26.09.2026,4901255943,PRD2,144,1,7
1000102657,PF BAC RANGEMENT REF 23,26.09.2026,4901255948,PRD2,144,1,7
1000102657,PF BAC RANGEMENT REF 23,26.09.2026,4901255949,PRD2,144,1,7
1000102657,PF BAC RANGEMENT REF 23,26.09.2026,4901255956,PRD2,129,1,7
1000102657,PF BAC RANGEMENT REF 23,28.09.2026,4901256214,PRD2,144,1,5
1000102657,PF BAC RANGEMENT REF 23,28.09.2026,4901256232,PRD2,144,1,5
1000102657,PF BAC RANGEMENT REF 23,01.10.2026,4901257055,EMRT,288,2,2
1000102657,PF BAC RANGEMENT REF 23,01.10.2026,4901257161,PRD2,144,1,2
1000102657,PF BAC RANGEMENT REF 23,02.10.2026,4901257397,PRD2,144,1,1
1000102657,PF BAC RANGEMENT REF 23,02.10.2026,4901257405,PRD2,144,1,1
1000102657,PF BAC RANGEMENT REF 23,02.10.2026,4901257430,PRD2,144,1,1
1000102657,PF BAC RANGEMENT REF 23,02.10.2026,4901257442,PRD2,144,1,1
1000102657,PF BAC RANGEMENT REF 23,02.10.2026,4901257462,PRD2,144,1,1
1000102657,PF BAC RANGEMENT REF 23,03.10.2026,4901257676,PRD2,144,1,0
1000112046,PF ENJOLIVEUR LATERAL REF 14,20.09.2026,,Stock initial,656,5,13
1000112046,PF ENJOLIVEUR LATERAL REF 14,22.09.2026,4901254827,PRD2,144,1,11
1000112046,PF ENJOLIVEUR LATERAL REF 14,22.09.2026,4901254848,PRD2,144,1,11
1000112046,PF ENJOLIVEUR LATERAL REF 14,22.09.2026,4901254850,PRD2,144,1,11
1000112046,PF ENJOLIVEUR LATERAL REF 14,23.09.2026,4901254990,PRD2,144,1,10
1000112046,PF ENJOLIVEUR LATERAL REF 14,23.09.2026,4901254993,PRD2,144,1,10
1000112046,PF ENJOLIVEUR LATERAL REF 14,23.09.2026,4901255021,PRD2,144,1,10
1000112046,PF ENJOLIVEUR LATERAL REF 14,23.09.2026,4901255028,PRD2,144,1,10
1000112046,PF ENJOLIVEUR LATERAL REF 14,28.09.2026,4901256228,EMRT,288,2,5
1000184644,PF RESERVOIR LAVE-GLACE REF 18,20.09.2026,,Stock initial,2283,12,13
1000184644,PF RESERVOIR LAVE-GLACE REF 18,26.09.2026,4901256028,PRD2,200,1,7
1000184644,PF RESERVOIR LAVE-GLACE REF 18,26.09.2026,4901256042,PRD2,200,1,7
1000184644,PF RESERVOIR LAVE-GLACE REF 18,26.09.2026,4901256048,PRD2,200,1,7
1000184644,PF RESERVOIR LAVE-GLACE REF 18,26.09.2026,4901256054,PRD2,200,1,7
1000184644,PF RESERVOIR LAVE-GLACE REF 18,26.09.2026,4901256062,PRD2,200,1,7
1000184644,PF RESERVOIR LAVE-GLACE REF 18,26.09.2026,4901256064,PRD2,200,1,7
1000184644,PF RESERVOIR LAVE-GLACE REF 18,26.09.2026,4901256086,PRD2,200,1,7
1000202814,PF CARTER PROTECTION NOIR REF 06,21.09.2026,4901254573,PRD2,14,1,12
1000202814,PF CARTER PROTECTION NOIR REF 06,22.09.2026,4901254716,PRD2,144,1,11
1000202814,PF CARTER PROTECTION NOIR REF 06,22.09.2026,4901254734,PRD2,144,1,11
1000202814,PF CARTER PROTECTION NOIR REF 06,22.09.2026,4901254753,PRD2,144,1,11
1000202814,PF CARTER PROTECTION NOIR REF 06,22.09.2026,4901254767,PRD2,144,1,11
1000202814,PF CARTER PROTECTION NOIR REF 06,22.09.2026,4901254810,PRD2,144,1,11
1000202814,PF CARTER PROTECTION NOIR REF 06,23.09.2026,4901255008,PRD2,144,1,10
1000202814,PF CARTER PROTECTION NOIR REF 06,23.09.2026,4901255051,EMRT,144,1,10
1000202814,PF CARTER PROTECTION NOIR REF 06,23.09.2026,4901255124,PRD2,144,1,10
1000202814,PF CARTER PROTECTION NOIR REF 06,23.09.2026,4901255130,PRD2,144,1,10
1000202814,PF CARTER PROTECTION NOIR REF 06,23.09.2026,4901255141,PRD2,144,1,10
1000202814,PF CARTER PROTECTION NOIR REF 06,23.09.2026,4901255147,PRD2,144,1,10
1000202814,PF CARTER PROTECTION NOIR REF 06,23.09.2026,4901255153,PRD2,144,1,10
1000202814,PF CARTER PROTECTION NOIR REF 06,23.09.2026,4901255157,PRD2,144,1,10
1000202814,PF CARTER PROTECTION NOIR REF 06,23.09.2026,4901255174,PRD2,144,1,10
1000202814,PF CARTER PROTECTION NOIR REF 06,23.09.2026,4901255178,PRD2,144,1,10
1000202814,PF CARTER PROTECTION NOIR REF 06,24.09.2026,4901255269,PRD2,144,1,9
1000202814,PF CARTER PROTECTION NOIR REF 06,24.09.2026,4901255413,PRD2,144,1,9
1000202814,PF CARTER PROTECTION NOIR REF 06,24.09.2026,4901255520,PRD2,144,1,9
1000202814,PF CARTER PROTECTION NOIR REF 06,24.09.2026,4901255525,PRD2,144,1,9
1000202814,PF CARTER PROTECTION NOIR REF 06,24.09.2026,4901255527,PRD2,144,1,9
1000202814,PF CARTER PROTECTION NOIR REF 06,24.09.2026,4901255534,PRD2,144,1,9
1000202814,PF CARTER PROTECTION NOIR REF 06,24.09.2026,4901255536,PRD2,144,1,9
1000202814,PF CARTER PROTECTION NOIR REF 06,24.09.2026,4901255538,PRD2,144,1,9
1000202814,PF CARTER PROTECTION NOIR REF 06,24.09.2026,4901255541,PRD2,144,1,9
1000202814,PF CARTER PROTECTION NOIR REF 06,28.09.2026,4901256308,EMRT,288,2,5
1000202814,PF CARTER PROTECTION NOIR REF 06,29.09.2026,4901256670,PRD2,144,1,4
1000202814,PF CARTER PROTECTION NOIR REF 06,29.09.2026,4901256671,PRD2,144,1,4
1000202814,PF CARTER PROTECTION NOIR REF 06,29.09.2026,4901256683,PRD2,144,1,4
1000202814,PF CARTER PROTECTION NOIR REF 06,29.09.2026,4901256697,PRD2,144,1,4
1000202814,PF CARTER PROTECTION NOIR REF 06,30.09.2026,4901256736,PRD2,144,1,3
1000202814,PF CARTER PROTECTION NOIR REF 06,30.09.2026,4901256738,PRD2,144,1,3
1000202814,PF CARTER PROTECTION NOIR REF 06,30.09.2026,4901256740,PRD2,144,1,3
1000207622,PF GRANULE PE NOIR BIG BAG,23.09.2026,4901255061,PRD2,89,1,10
1000207622,PF GRANULE PE NOIR BIG BAG,23.09.2026,4901255074,PRD2,400,1,10
1000207622,PF GRANULE PE NOIR BIG BAG,23.09.2026,4901255086,PRD2,400,1,10
1000207622,PF GRANULE PE NOIR BIG BAG,23.09.2026,4901255087,PRD2,400,1,10
1000207622,PF GRANULE PE NOIR BIG BAG,23.09.2026,4901255093,PRD2,400,1,10
1000207622,PF GRANULE PE NOIR BIG BAG,23.09.2026,4901255117,PRD2,400,1,10
1000207622,PF GRANULE PE NOIR BIG BAG,28.09.2026,4901256136,PRD2,400,1,5
1000207622,PF GRANULE PE NOIR BIG BAG,28.09.2026,4901256137,PRD2,400,1,5
1000207622,PF GRANULE PE NOIR BIG BAG,28.09.2026,4901256138,PRD2,400,1,5
1000207622,PF GRANULE PE NOIR BIG BAG,28.09.2026,4901256163,PRD2,400,1,5
1000207622,PF GRANULE PE NOIR BIG BAG,28.09.2026,4901256164,PRD2,400,1,5
1000207622,PF GRANULE PE NOIR BIG BAG,29.09.2026,4901256448,PRD2,400,1,4
1000207622,PF GRANULE PE NOIR BIG BAG,03.10.2026,4901257968,PRD2,400,1,0
1000207622,PF GRANULE PE NOIR BIG BAG,03.10.2026,4901257969,PRD2,400,1,0
1000216115,PF PLAQUE INSONORISANTE REF 33,20.09.2026,,Stock initial,1547,4,13
1000216115,PF PLAQUE INSONORISANTE REF 33,22.09.2026,4901254922,PRD2,480,1,11
1000216115,PF PLAQUE INSONORISANTE REF 33,22.09.2026,4901254927,PRD2,480,1,11
1000216115,PF PLAQUE INSONORISANTE REF 33,22.09.2026,4901254940,PRD2,480,1,11
1000216115,PF PLAQUE INSONORISANTE REF 33,22.09.2026,4901254941,PRD2,480,1,11
1000216115,PF PLAQUE INSONORISANTE REF 33,22.09.2026,4901254944,PRD2,480,1,11
1000216115,PF PLAQUE INSONORISANTE REF 33,22.09.2026,4901254946,PRD2,480,1,11
1000216115,PF PLAQUE INSONORISANTE REF 33,22.09.2026,4901254962,PRD2,480,1,11
1000216115,PF PLAQUE INSONORISANTE REF 33,26.09.2026,4901255985,PRD2,480,1,7
1000216115,PF PLAQUE INSONORISANTE REF 33,26.09.2026,4901255998,PRD2,327,1,7
1000216115,PF PLAQUE INSONORISANTE REF 33,26.09.2026,4901256008,PRD2,480,1,7
1000216115,PF PLAQUE INSONORISANTE REF 33,26.09.2026,4901256014,PRD2,480,1,7
1000216115,PF PLAQUE INSONORISANTE REF 33,26.09.2026,4901256043,PRD2,480,1,7
1000216115,PF PLAQUE INSONORISANTE REF 33,28.09.2026,4901256221,PRD2,480,1,5
1000216115,PF PLAQUE INSONORISANTE REF 33,29.09.2026,4901256520,PRD2,480,1,4
1000216115,PF PLAQUE INSONORISANTE REF 33,29.09.2026,4901256561,PRD2,480,1,4
1000216115,PF PLAQUE INSONORISANTE REF 33,29.09.2026,4901256562,PRD2,480,1,4
1000216115,PF PLAQUE INSONORISANTE REF 33,29.09.2026,4901256563,PRD2,480,1,4
1000216115,PF PLAQUE INSONORISANTE REF 33,29.09.2026,4901256570,PRD2,480,1,4
1000216115,PF PLAQUE INSONORISANTE REF 33,29.09.2026,4901256572,PRD2,480,1,4
1000216115,PF PLAQUE INSONORISANTE REF 33,29.09.2026,4901256573,PRD2,480,1,4
1000216115,PF PLAQUE INSONORISANTE REF 33,29.09.2026,4901256578,PRD2,480,1,4
1000216115,PF PLAQUE INSONORISANTE REF 33,29.09.2026,4901256585,PRD2,480,1,4
1000216115,PF PLAQUE INSONORISANTE REF 33,30.09.2026,4901256845,PRD2,480,1,3
1000216115,PF PLAQUE INSONORISANTE REF 33,02.10.2026,4901257470,PRD2,480,1,1
1000216115,PF PLAQUE INSONORISANTE REF 33,02.10.2026,4901257473,PRD2,480,1,1
1000216115,PF PLAQUE INSONORISANTE REF 33,02.10.2026,4901257479,PRD2,480,1,1
1000216115,PF PLAQUE INSONORISANTE REF 33,02.10.2026,4901257498,PRD2,480,1,1
1000216115,PF PLAQUE INSONORISANTE REF 33,02.10.2026,4901257519,PRD2,480,1,1
1000216115,PF PLAQUE INSONORISANTE REF 33,02.10.2026,4901257521,PRD2,480,1,1
1000216115,PF PLAQUE INSONORISANTE REF 33,03.10.2026,4901257748,PRD2,480,1,0
1000216115,PF PLAQUE INSONORISANTE REF 33,03.10.2026,4901257771,PRD2,480,1,0
1000216115,PF PLAQUE INSONORISANTE REF 33,03.10.2026,4901257775,PRD2,480,1,0
1000216115,PF PLAQUE INSONORISANTE REF 33,03.10.2026,4901257788,PRD2,480,1,0
1000216115,PF PLAQUE INSONORISANTE REF 33,03.10.2026,4901257818,PRD2,480,1,0
1000216115,PF PLAQUE INSONORISANTE REF 33,03.10.2026,4901257840,PRD2,480,1,0
1000216115,PF PLAQUE INSONORISANTE REF 33,03.10.2026,4901257848,PRD2,353,1,0
1000224906,PF COUVERCLE BATTERIE REF 13,20.09.2026,,Stock initial,284,2,13
1000224906,PF COUVERCLE BATTERIE REF 13,21.09.2026,4901254525,PRD2,144,1,12
1000224906,PF COUVERCLE BATTERIE REF 13,21.09.2026,4901254539,PRD2,93,1,12
1000224906,PF COUVERCLE BATTERIE REF 13,21.09.2026,4901254541,PRD2,144,1,12
1000224906,PF COUVERCLE BATTERIE REF 13,21.09.2026,4901254549,PRD2,144,1,12
1000224906,PF COUVERCLE BATTERIE REF 13,21.09.2026,4901254560,PRD2,144,1,12
1000224906,PF COUVERCLE BATTERIE REF 13,21.09.2026,4901254576,PRD2,144,1,12
1000224906,PF COUVERCLE BATTERIE REF 13,28.09.2026,4901256337,PRD2,144,1,5
1000224906,PF COUVERCLE BATTERIE REF 13,29.09.2026,4901256446,PRD2,144,1,4
1000224906,PF COUVERCLE BATTERIE REF 13,29.09.2026,4901256447,PRD2,144,1,4
1000224906,PF COUVERCLE BATTERIE REF 13,29.09.2026,4901256466,PRD2,144,1,4
1000224906,PF COUVERCLE BATTERIE REF 13,02.10.2026,4901257535,EMRT,288,2,1
1000320436,PF JOINT ETANCHEITE 60MM REF 10,26.09.2026,4901256051,PRD2,32,1,7
1000320436,PF JOINT ETANCHEITE 60MM REF 10,26.09.2026,4901256108,PRD2,60,1,7
1000320436,PF JOINT ETANCHEITE 60MM REF 10,28.09.2026,4901256121,PRD2,60,1,5
1000320436,PF JOINT ETANCHEITE 60MM REF 10,28.09.2026,4901256133,PRD2,60,1,5
1000320436,PF JOINT ETANCHEITE 60MM REF 10,29.09.2026,4901256705,PRD2,60,1,4
1000320436,PF JOINT ETANCHEITE 60MM REF 10,29.09.2026,4901256716,PRD2,60,1,4
1000320436,PF JOINT ETANCHEITE 60MM REF 10,01.10.2026,4901257156,PRD2,60,1,2
1000320436,PF JOINT ETANCHEITE 60MM REF 10,01.10.2026,4901257173,PRD2,60,1,2
1000320436,PF JOINT ETANCHEITE 60MM REF 10,01.10.2026,4901257176,PRD2,60,1,2
1000320436,PF JOINT ETANCHEITE 60MM REF 10,01.10.2026,4901257177,PRD2,60,1,2
1000320436,PF JOINT ETANCHEITE 60MM REF 10,02.10.2026,4901257526,PRD2,60,1,1
1000320436,PF JOINT ETANCHEITE 60MM REF 10,03.10.2026,4901257937,PRD2,60,1,0
1000320436,PF JOINT ETANCHEITE 60MM REF 10,03.10.2026,4901257942,PRD2,60,1,0
1000320436,PF JOINT ETANCHEITE 60MM REF 10,03.10.2026,4901257944,PRD2,60,1,0
1000320436,PF JOINT ETANCHEITE 60MM REF 10,03.10.2026,4901257948,PRD2,60,1,0
1000334130,PF PLATINE ELECTRONIQUE REF 12,20.09.2026,,Stock initial,349,1,13
1000334130,PF PLATINE ELECTRONIQUE REF 12,21.09.2026,4901254579,EMRT,480,1,12
1000334130,PF PLATINE ELECTRONIQUE REF 12,21.09.2026,4901254624,PRD2,480,1,12
1000334130,PF PLATINE ELECTRONIQUE REF 12,21.09.2026,4901254640,PRD2,480,1,12
1000334130,PF PLATINE ELECTRONIQUE REF 12,21.09.2026,4901254649,PRD2,480,1,12
1000334130,PF PLATINE ELECTRONIQUE REF 12,21.09.2026,4901254651,PRD2,480,1,12
1000334130,PF PLATINE ELECTRONIQUE REF 12,21.09.2026,4901254654,PRD2,480,1,12
1000334130,PF PLATINE ELECTRONIQUE REF 12,21.09.2026,4901254656,PRD2,480,1,12
1000334130,PF PLATINE ELECTRONIQUE REF 12,21.09.2026,4901254659,PRD2,480,1,12
1000334130,PF PLATINE ELECTRONIQUE REF 12,21.09.2026,4901254667,PRD2,480,1,12
1000334130,PF PLATINE ELECTRONIQUE REF 12,21.09.2026,4901254668,PRD2,480,1,12
1000334130,PF PLATINE ELECTRONIQUE REF 12,21.09.2026,4901254676,PRD2,480,1,12
1000334130,PF PLATINE ELECTRONIQUE REF 12,21.09.2026,4901254678,PRD2,480,1,12
1000334130,PF PLATINE ELECTRONIQUE REF 12,24.09.2026,4901255500,PRD2,480,1,9
1000334130,PF PLATINE ELECTRONIQUE REF 12,24.09.2026,4901255508,PRD2,480,1,9
1000334130,PF PLATINE ELECTRONIQUE REF 12,24.09.2026,4901255514,PRD2,480,1,9
1000334130,PF PLATINE ELECTRONIQUE REF 12,24.09.2026,4901255515,PRD2,480,1,9
1000334130,PF PLATINE ELECTRONIQUE REF 12,24.09.2026,4901255523,PRD2,480,1,9
1000334130,PF PLATINE ELECTRONIQUE REF 12,24.09.2026,4901255528,PRD2,480,1,9
1000334130,PF PLATINE ELECTRONIQUE REF 12,24.09.2026,4901255530,PRD2,480,1,9
1000334130,PF PLATINE ELECTRONIQUE REF 12,24.09.2026,4901255543,PRD2,480,1,9
1000334130,PF PLATINE ELECTRONIQUE REF 12,25.09.2026,4901255563,PRD2,480,1,8
1000334130,PF PLATINE ELECTRONIQUE REF 12,28.09.2026,4901256208,PRD2,480,1,5
1000334130,PF PLATINE ELECTRONIQUE REF 12,28.09.2026,4901256211,PRD2,480,1,5
1000334130,PF PLATINE ELECTRONIQUE REF 12,28.09.2026,4901256215,PRD2,480,1,5
1000334130,PF PLATINE ELECTRONIQUE REF 12,28.09.2026,4901256234,PRD2,480,1,5
1000334130,PF PLATINE ELECTRONIQUE REF 12,28.09.2026,4901256254,PRD2,480,1,5
1000334130,PF PLATINE ELECTRONIQUE REF 12,28.09.2026,4901256261,PRD2,480,1,5
1000334130,PF PLATINE ELECTRONIQUE REF 12,28.09.2026,4901256267,PRD2,480,1,5
1000334130,PF PLATINE ELECTRONIQUE REF 12,28.09.2026,4901256320,PRD2,480,1,5
1000334130,PF PLATINE ELECTRONIQUE REF 12,29.09.2026,4901256427,PRD2,480,1,4
1000334130,PF PLATINE ELECTRONIQUE REF 12,03.10.2026,4901257672,PRD2,480,1,0
1000351589,PF BOITIER COMMANDE REF 31,20.09.2026,,Stock initial,405,9,13
1000351589,PF BOITIER COMMANDE REF 31,23.09.2026,4901255227,PRD2,48,1,10
1000351589,PF BOITIER COMMANDE REF 31,23.09.2026,4901255230,PRD2,48,1,10
1000351589,PF BOITIER COMMANDE REF 31,23.09.2026,4901255231,PRD2,48,1,10
1000351589,PF BOITIER COMMANDE REF 31,23.09.2026,4901255236,PRD2,48,1,10
1000351589,PF BOITIER COMMANDE REF 31,23.09.2026,4901255249,PRD2,48,1,10
1000351589,PF BOITIER COMMANDE REF 31,23.09.2026,4901255252,PRD2,48,1,10
1000351589,PF BOITIER COMMANDE REF 31,23.09.2026,4901255255,PRD2,48,1,10
1000351589,PF BOITIER COMMANDE REF 31,23.09.2026,4901255257,PRD2,48,1,10
1000351589,PF BOITIER COMMANDE REF 31,24.09.2026,4901255272,PRD2,48,1,9
1000351589,PF BOITIER COMMANDE REF 31,24.09.2026,4901255340,PRD2,48,1,9
1000351589,PF BOITIER COMMANDE REF 31,28.09.2026,4901256315,PRD2,48,1,5
1000351589,PF BOITIER COMMANDE REF 31,28.09.2026,4901256327,PRD2,48,1,5
1000351589,PF BOITIER COMMANDE REF 31,28.09.2026,4901256332,PRD2,48,1,5
1000351589,PF BOITIER COMMANDE REF 31,28.09.2026,4901256335,PRD2,48,1,5
1000351589,PF BOITIER COMMANDE REF 31,28.09.2026,4901256339,PRD2,48,1,5
1000351589,PF BOITIER COMMANDE REF 31,28.09.2026,4901256348,PRD2,48,1,5
1000351589,PF BOITIER COMMANDE REF 31,29.09.2026,4901256411,PRD2,48,1,4
1000351589,PF BOITIER COMMANDE REF 31,29.09.2026,4901256418,PRD2,48,1,4
1000351589,PF BOITIER COMMANDE REF 31,29.09.2026,4901256438,PRD2,48,1,4
1000351589,PF BOITIER COMMANDE REF 31,01.10.2026,4901257269,PRD2,48,1,2
1000351589,PF BOITIER COMMANDE REF 31,01.10.2026,4901257274,PRD2,48,1,2
1000351589,PF BOITIER COMMANDE REF 31,01.10.2026,4901257275,PRD2,48,1,2
1000351589,PF BOITIER COMMANDE REF 31,01.10.2026,4901257277,PRD2,48,1,2
1000351589,PF BOITIER COMMANDE REF 31,01.10.2026,4901257287,PRD2,48,1,2
1000351589,PF BOITIER COMMANDE REF 31,01.10.2026,4901257301,PRD2,48,1,2
1000351589,PF BOITIER COMMANDE REF 31,01.10.2026,4901257303,PRD2,48,1,2
1000351589,PF BOITIER COMMANDE REF 31,01.10.2026,4901257314,PRD2,48,1,2
1000351589,PF BOITIER COMMANDE REF 31,01.10.2026,4901257317,PRD2,31,1,2
1000351589,PF BOITIER COMMANDE REF 31,02.10.2026,4901257342,PRD2,48,1,1
1000351589,PF BOITIER COMMANDE REF 31,02.10.2026,4901257347,PRD2,48,1,1
1000351589,PF BOITIER COMMANDE REF 31,02.10.2026,4901257349,PRD2,48,1,1
1000351589,PF BOITIER COMMANDE REF 31,02.10.2026,4901257372,PRD2,48,1,1
1000351589,PF BOITIER COMMANDE REF 31,02.10.2026,4901257420,PRD2,48,1,1
1000351589,PF BOITIER COMMANDE REF 31,02.10.2026,4901257425,PRD2,48,1,1
1000351589,PF BOITIER COMMANDE REF 31,02.10.2026,4901257433,PRD2,48,1,1
1000351589,PF BOITIER COMMANDE REF 31,02.10.2026,4901257437,PRD2,48,1,1
1000351589,PF BOITIER COMMANDE REF 31,02.10.2026,4901257455,PRD2,48,1,1
1000351589,PF BOITIER COMMANDE REF 31,02.10.2026,4901257456,PRD2,48,1,1
1000351589,PF BOITIER COMMANDE REF 31,02.10.2026,4901257457,PRD2,48,1,1
1000351589,PF BOITIER COMMANDE REF 31,03.10.2026,4901257684,PRD2,48,1,0
1000401193,PF FAISCEAU CABLE 1M2 REF 05,20.09.2026,,Stock initial,4897,21,13
1000401193,PF FAISCEAU CABLE 1M2 REF 05,28.09.2026,4901256202,PRD2,240,1,5
1000401193,PF FAISCEAU CABLE 1M2 REF 05,28.09.2026,4901256239,PRD2,240,1,5
1000401193,PF FAISCEAU CABLE 1M2 REF 05,28.09.2026,4901256250,PRD2,240,1,5
1000401193,PF FAISCEAU CABLE 1M2 REF 05,28.09.2026,4901256266,PRD2,240,1,5
1000401193,PF FAISCEAU CABLE 1M2 REF 05,28.09.2026,4901256284,PRD2,240,1,5
1000401193,PF FAISCEAU CABLE 1M2 REF 05,29.09.2026,4901256443,PRD2,240,1,4
1000401193,PF FAISCEAU CABLE 1M2 REF 05,29.09.2026,4901256542,PRD2,240,1,4
1000429497,PF PANNEAU PORTE DROIT REF 22,21.09.2026,4901254540,PRD2,38,1,12
1000429497,PF PANNEAU PORTE DROIT REF 22,21.09.2026,4901254552,PRD2,96,1,12
1000429497,PF PANNEAU PORTE DROIT REF 22,21.09.2026,4901254554,PRD2,96,1,12
1000429497,PF PANNEAU PORTE DROIT REF 22,21.09.2026,4901254556,PRD2,96,1,12
1000429497,PF PANNEAU PORTE DROIT REF 22,25.09.2026,4901255586,EMRT,96,1,8
1000429497,PF PANNEAU PORTE DROIT REF 22,26.09.2026,4901255919,PRD2,96,1,7
1000429497,PF PANNEAU PORTE DROIT REF 22,26.09.2026,4901255935,PRD2,96,1,7
1000429497,PF PANNEAU PORTE DROIT REF 22,26.09.2026,4901255937,PRD2,96,1,7
1000429497,PF PANNEAU PORTE DROIT REF 22,26.09.2026,4901255940,PRD2,96,1,7
1000429497,PF PANNEAU PORTE DROIT REF 22,29.09.2026,4901256717,PRD2,96,1,4
1000429497,PF PANNEAU PORTE DROIT REF 22,29.09.2026,4901256718,PRD2,96,1,4
1000429497,PF PANNEAU PORTE DROIT REF 22,29.09.2026,4901256722,PRD2,96,1,4
1000429497,PF PANNEAU PORTE DROIT REF 22,29.09.2026,4901256724,PRD2,96,1,4
1000429497,PF PANNEAU PORTE DROIT REF 22,29.09.2026,4901256726,PRD2,96,1,4
1000429497,PF PANNEAU PORTE DROIT REF 22,30.09.2026,4901256794,PRD2,86,1,3
1000429497,PF PANNEAU PORTE DROIT REF 22,01.10.2026,4901257100,PRD2,96,1,2
1000429497,PF PANNEAU PORTE DROIT REF 22,01.10.2026,4901257111,PRD2,96,1,2
1000429497,PF PANNEAU PORTE DROIT REF 22,01.10.2026,4901257127,PRD2,96,1,2
1000429497,PF PANNEAU PORTE DROIT REF 22,01.10.2026,4901257146,PRD2,96,1,2
1000429497,PF PANNEAU PORTE DROIT REF 22,01.10.2026,4901257148,PRD2,96,1,2
1000429497,PF PANNEAU PORTE DROIT REF 22,01.10.2026,4901257168,PRD2,96,1,2
1000429497,PF PANNEAU PORTE DROIT REF 22,01.10.2026,4901257192,PRD2,96,1,2
1000429497,PF PANNEAU PORTE DROIT REF 22,01.10.2026,4901257205,PRD2,96,1,2
1000429497,PF PANNEAU PORTE DROIT REF 22,02.10.2026,4901257332,PRD2,96,1,1
1000429497,PF PANNEAU PORTE DROIT REF 22,02.10.2026,4901257406,PRD2,96,1,1
1000429497,PF PANNEAU PORTE DROIT REF 22,03.10.2026,4901257785,EMRT,384,4,0
1000435003,PF CAPTEUR TEMPERATURE REF 17,23.09.2026,4901255184,PRD2,35,1,10
1000435003,PF CAPTEUR TEMPERATURE REF 17,23.09.2026,4901255186,PRD2,120,1,10
1000435003,PF CAPTEUR TEMPERATURE REF 17,23.09.2026,4901255189,PRD2,120,1,10
1000435003,PF CAPTEUR TEMPERATURE REF 17,23.09.2026,4901255201,PRD2,120,1,10
1000435003,PF CAPTEUR TEMPERATURE REF 17,25.09.2026,4901255791,PRD2,120,1,8
1000435003,PF CAPTEUR TEMPERATURE REF 17,25.09.2026,4901255804,PRD2,120,1,8
1000435003,PF CAPTEUR TEMPERATURE REF 17,25.09.2026,4901255807,PRD2,120,1,8
1000435003,PF CAPTEUR TEMPERATURE REF 17,25.09.2026,4901255808,PRD2,120,1,8
1000435003,PF CAPTEUR TEMPERATURE REF 17,25.09.2026,4901255821,PRD2,120,1,8
1000435003,PF CAPTEUR TEMPERATURE REF 17,25.09.2026,4901255824,PRD2,120,1,8
1000435003,PF CAPTEUR TEMPERATURE REF 17,26.09.2026,4901255897,PRD2,120,1,7
1000435003,PF CAPTEUR TEMPERATURE REF 17,29.09.2026,4901256436,PRD2,120,1,4
1000435003,PF CAPTEUR TEMPERATURE REF 17,29.09.2026,4901256445,PRD2,120,1,4
1000435003,PF CAPTEUR TEMPERATURE REF 17,29.09.2026,4901256451,PRD2,120,1,4
1000435003,PF CAPTEUR TEMPERATURE REF 17,29.09.2026,4901256468,PRD2,120,1,4
1000435003,PF CAPTEUR TEMPERATURE REF 17,29.09.2026,4901256478,PRD2,120,1,4
1000435003,PF CAPTEUR TEMPERATURE REF 17,29.09.2026,4901256482,PRD2,120,1,4
1000435003,PF CAPTEUR TEMPERATURE REF 17,29.09.2026,4901256485,PRD2,120,1,4
1000435003,PF CAPTEUR TEMPERATURE REF 17,29.09.2026,4901256666,PRD2,120,1,4
1000435003,PF CAPTEUR TEMPERATURE REF 17,02.10.2026,4901257485,PRD2,120,1,1
1000516512,PF SUPPORT PARE-CHOC REF 19,20.09.2026,,Stock initial,721,3,13
1000516512,PF SUPPORT PARE-CHOC REF 19,22.09.2026,4901254826,PRD2,320,1,11
1000516512,PF SUPPORT PARE-CHOC REF 19,22.09.2026,4901254854,PRD2,320,1,11
1000516512,PF SUPPORT PARE-CHOC REF 19,22.09.2026,4901254855,PRD2,320,1,11
1000516512,PF SUPPORT PARE-CHOC REF 19,22.09.2026,4901254861,PRD2,320,1,11
1000516512,PF SUPPORT PARE-CHOC REF 19,22.09.2026,4901254865,PRD2,320,1,11
1000516512,PF SUPPORT PARE-CHOC REF 19,24.09.2026,4901255328,PRD2,320,1,9
1000516512,PF SUPPORT PARE-CHOC REF 19,24.09.2026,4901255331,PRD2,320,1,9
1000516512,PF SUPPORT PARE-CHOC REF 19,24.09.2026,4901255339,PRD2,320,1,9
1000516512,PF SUPPORT PARE-CHOC REF 19,24.09.2026,4901255346,PRD2,320,1,9
1000516512,PF SUPPORT PARE-CHOC REF 19,24.09.2026,4901255361,PRD2,320,1,9
1000541046,PF CLIP FIXATION X100 REF 30,20.09.2026,,Stock initial,864,6,13
1000541046,PF CLIP FIXATION X100 REF 30,22.09.2026,4901254742,PRD2,144,1,11
1000541046,PF CLIP FIXATION X100 REF 30,22.09.2026,4901254755,PRD2,144,1,11
1000541046,PF CLIP FIXATION X100 REF 30,22.09.2026,4901254763,PRD2,144,1,11
1000541046,PF CLIP FIXATION X100 REF 30,22.09.2026,4901254773,PRD2,144,1,11
1000541046,PF CLIP FIXATION X100 REF 30,22.09.2026,4901254774,PRD2,144,1,11
1000541046,PF CLIP FIXATION X100 REF 30,22.09.2026,4901254778,PRD2,144,1,11
1000541046,PF CLIP FIXATION X100 REF 30,22.09.2026,4901254784,PRD2,144,1,11
1000541046,PF CLIP FIXATION X100 REF 30,23.09.2026,4901255023,PRD2,144,1,10
1000541046,PF CLIP FIXATION X100 REF 30,26.09.2026,4901256102,PRD2,144,1,7
1000541046,PF CLIP FIXATION X100 REF 30,28.09.2026,4901256140,PRD2,144,1,5
1000541046,PF CLIP FIXATION X100 REF 30,28.09.2026,4901256144,PRD2,144,1,5
1000541046,PF CLIP FIXATION X100 REF 30,28.09.2026,4901256192,PRD2,144,1,5
1000541046,PF CLIP FIXATION X100 REF 30,02.10.2026,4901257493,EMRT,288,2,1
1000541046,PF CLIP FIXATION X100 REF 30,02.10.2026,4901257511,PRD2,144,1,1
1000541046,PF CLIP FIXATION X100 REF 30,02.10.2026,4901257527,PRD2,144,1,1
1000541046,PF CLIP FIXATION X100 REF 30,02.10.2026,4901257530,PRD2,144,1,1
1000541046,PF CLIP FIXATION X100 REF 30,02.10.2026,4901257537,PRD2,144,1,1
1000541046,PF CLIP FIXATION X100 REF 30,03.10.2026,4901257673,PRD2,144,1,0
1000541046,PF CLIP FIXATION X100 REF 30,03.10.2026,4901257704,PRD2,144,1,0
1000562521,PF BRIDE SERRAGE INOX REF 16,20.09.2026,,Stock initial,92,1,13
1000562521,PF BRIDE SERRAGE INOX REF 16,25.09.2026,4901255742,PRD2,144,1,8
1000562521,PF BRIDE SERRAGE INOX REF 16,25.09.2026,4901255749,PRD2,144,1,8
1000562521,PF BRIDE SERRAGE INOX REF 16,25.09.2026,4901255770,PRD2,144,1,8
1000562521,PF BRIDE SERRAGE INOX REF 16,25.09.2026,4901255782,PRD2,144,1,8
1000562521,PF BRIDE SERRAGE INOX REF 16,26.09.2026,4901256119,PRD2,144,1,7
1000562521,PF BRIDE SERRAGE INOX REF 16,26.09.2026,4901256120,PRD2,144,1,7
1000562521,PF BRIDE SERRAGE INOX REF 16,28.09.2026,4901256150,PRD2,144,1,5
1000562521,PF BRIDE SERRAGE INOX REF 16,01.10.2026,4901257218,PRD2,144,1,2
1000562521,PF BRIDE SERRAGE INOX REF 16,01.10.2026,4901257220,PRD2,144,1,2
1000562521,PF BRIDE SERRAGE INOX REF 16,01.10.2026,4901257227,PRD2,144,1,2
1000562521,PF BRIDE SERRAGE INOX REF 16,01.10.2026,4901257230,PRD2,144,1,2
1000562521,PF BRIDE SERRAGE INOX REF 16,01.10.2026,4901257255,PRD2,112,1,2
1000562521,PF BRIDE SERRAGE INOX REF 16,02.10.2026,4901257633,PRD2,144,1,1
1000562521,PF BRIDE SERRAGE INOX REF 16,02.10.2026,4901257642,PRD2,144,1,1
1000562521,PF BRIDE SERRAGE INOX REF 16,02.10.2026,4901257654,PRD2,144,1,1
1000571497,PF CARTER NOUVELLE VERSION REF 35,29.09.2026,4901256566,PRD2,96,,4
1000571497,PF CARTER NOUVELLE VERSION REF 35,29.09.2026,4901256592,PRD2,96,,4
1000571497,PF CARTER NOUVELLE VERSION REF 35,29.09.2026,4901256599,PRD2,96,,4
1000571497,PF CARTER NOUVELLE VERSION REF 35,30.09.2026,4901256981,PRD2,96,,3
1000571497,PF CARTER NOUVELLE VERSION REF 35,30.09.2026,4901256985,PRD2,96,,3
1000571497,PF CARTER NOUVELLE VERSION REF 35,30.09.2026,4901256990,PRD2,70,,3
1000571497,PF CARTER NOUVELLE VERSION REF 35,01.10.2026,4901257069,PRD2,96,,2
1000571497,PF CARTER NOUVELLE VERSION REF 35,01.10.2026,4901257304,PRD2,96,,2
1000571497,PF CARTER NOUVELLE VERSION REF 35,01.10.2026,4901257307,PRD2,96,,2
1000571497,PF CARTER NOUVELLE VERSION REF 35,02.10.2026,4901257556,PRD2,96,,1
1000571497,PF CARTER NOUVELLE VERSION REF 35,02.10.2026,4901257561,PRD2,96,,1
1000571497,PF CARTER NOUVELLE VERSION REF 35,02.10.2026,4901257567,PRD2,96,,1
1000571497,PF CARTER NOUVELLE VERSION REF 35,02.10.2026,4901257590,PRD2,96,,1
1000614102,PF SUPPORT FIXATION ACIER REF 03,23.09.2026,4901255048,PRD2,25,1,10
1000614102,PF SUPPORT FIXATION ACIER REF 03,24.09.2026,4901255393,PRD2,48,1,9
1000614102,PF SUPPORT FIXATION ACIER REF 03,24.09.2026,4901255406,PRD2,48,1,9
1000614102,PF SUPPORT FIXATION ACIER REF 03,24.09.2026,4901255412,PRD2,48,1,9
1000614102,PF SUPPORT FIXATION ACIER REF 03,24.09.2026,4901255417,PRD2,48,1,9
1000614102,PF SUPPORT FIXATION ACIER REF 03,24.09.2026,4901255420,PRD2,48,1,9
1000614102,PF SUPPORT FIXATION ACIER REF 03,24.09.2026,4901255422,PRD2,48,1,9
1000614102,PF SUPPORT FIXATION ACIER REF 03,24.09.2026,4901255455,PRD2,48,1,9
1000614102,PF SUPPORT FIXATION ACIER REF 03,24.09.2026,4901255465,PRD2,48,1,9
1000614102,PF SUPPORT FIXATION ACIER REF 03,25.09.2026,4901255573,PRD2,48,1,8
1000614102,PF SUPPORT FIXATION ACIER REF 03,28.09.2026,4901256156,PRD2,42,1,5
1000614102,PF SUPPORT FIXATION ACIER REF 03,28.09.2026,4901256181,PRD2,48,1,5
1000614102,PF SUPPORT FIXATION ACIER REF 03,28.09.2026,4901256188,PRD2,48,1,5
1000614102,PF SUPPORT FIXATION ACIER REF 03,29.09.2026,4901256656,PRD2,48,1,4
1000614102,PF SUPPORT FIXATION ACIER REF 03,29.09.2026,4901256679,PRD2,48,1,4
1000614102,PF SUPPORT FIXATION ACIER REF 03,29.09.2026,4901256690,PRD2,48,1,4
1000614102,PF SUPPORT FIXATION ACIER REF 03,29.09.2026,4901256694,PRD2,48,1,4
1000614102,PF SUPPORT FIXATION ACIER REF 03,30.09.2026,4901256776,PRD2,48,1,3
1000614102,PF SUPPORT FIXATION ACIER REF 03,30.09.2026,4901256778,PRD2,48,1,3
1000614102,PF SUPPORT FIXATION ACIER REF 03,30.09.2026,4901256783,PRD2,48,1,3
1000614102,PF SUPPORT FIXATION ACIER REF 03,30.09.2026,4901256786,PRD2,48,1,3
1000614102,PF SUPPORT FIXATION ACIER REF 03,30.09.2026,4901256787,PRD2,48,1,3
1000614102,PF SUPPORT FIXATION ACIER REF 03,30.09.2026,4901256816,PRD2,48,1,3
1000614102,PF SUPPORT FIXATION ACIER REF 03,30.09.2026,4901256819,PRD2,48,1,3
1000614102,PF SUPPORT FIXATION ACIER REF 03,30.09.2026,4901256823,PRD2,48,1,3
1000614102,PF SUPPORT FIXATION ACIER REF 03,30.09.2026,4901256864,PRD2,24,1,3
1000614750,PF COQUE RETROVISEUR REF 32,20.09.2026,,Stock initial,1320,11,13
1000614750,PF COQUE RETROVISEUR REF 32,21.09.2026,4901254375,PRD2,120,1,12
1000614750,PF COQUE RETROVISEUR REF 32,21.09.2026,4901254378,PRD2,120,1,12
1000614750,PF COQUE RETROVISEUR REF 32,21.09.2026,4901254428,PRD2,66,1,12
1000614750,PF COQUE RETROVISEUR REF 32,23.09.2026,4901255259,PRD2,120,1,10
1000614750,PF COQUE RETROVISEUR REF 32,23.09.2026,4901255262,PRD2,120,1,10
1000614750,PF COQUE RETROVISEUR REF 32,23.09.2026,4901255263,PRD2,120,1,10
1000614750,PF COQUE RETROVISEUR REF 32,23.09.2026,4901255268,PRD2,120,1,10
1000614750,PF COQUE RETROVISEUR REF 32,29.09.2026,4901256531,EMRT,120,1,4
1000614750,PF COQUE RETROVISEUR REF 32,30.09.2026,4901256807,PRD2,120,1,3
1000614750,PF COQUE RETROVISEUR REF 32,30.09.2026,4901256840,PRD2,120,1,3
1000614750,PF COQUE RETROVISEUR REF 32,01.10.2026,4901257011,PRD2,120,1,2
1000614750,PF COQUE RETROVISEUR REF 32,01.10.2026,4901257057,PRD2,120,1,2
1000614750,PF COQUE RETROVISEUR REF 32,01.10.2026,4901257058,PRD2,120,1,2
1000614750,PF COQUE RETROVISEUR REF 32,01.10.2026,4901257061,PRD2,120,1,2
1000614750,PF COQUE RETROVISEUR REF 32,01.10.2026,4901257117,PRD2,120,1,2
1000614750,PF COQUE RETROVISEUR REF 32,02.10.2026,4901257490,PRD2,120,1,1
1000614750,PF COQUE RETROVISEUR REF 32,02.10.2026,4901257502,PRD2,120,1,1
1000614750,PF COQUE RETROVISEUR REF 32,02.10.2026,4901257509,PRD2,120,1,1
1000614750,PF COQUE RETROVISEUR REF 32,02.10.2026,4901257515,PRD2,120,1,1
1000626925,PF BOITIER 12V REF 01,20.09.2026,,Stock initial,225,10,13
1000626925,PF BOITIER 12V REF 01,21.09.2026,4901254381,PRD2,24,1,12
1000626925,PF BOITIER 12V REF 01,21.09.2026,4901254382,PRD2,24,1,12
1000626925,PF BOITIER 12V REF 01,21.09.2026,4901254391,PRD2,24,1,12
1000626925,PF BOITIER 12V REF 01,03.10.2026,4901257754,PRD2,24,1,0
1000626925,PF BOITIER 12V REF 01,03.10.2026,4901257782,PRD2,24,1,0
1000626925,PF BOITIER 12V REF 01,03.10.2026,4901257829,PRD2,24,1,0
1000626925,PF BOITIER 12V REF 01,03.10.2026,4901257833,PRD2,24,1,0
1000626925,PF BOITIER 12V REF 01,03.10.2026,4901257855,PRD2,24,1,0
1000626925,PF BOITIER 12V REF 01,03.10.2026,4901257858,PRD2,24,1,0
1000636685,PF TUYAU REFROIDISSEMENT REF 28,20.09.2026,,Stock initial,600,3,13
1000636685,PF TUYAU REFROIDISSEMENT REF 28,30.09.2026,4901256748,PRD2,200,1,3
1000636685,PF TUYAU REFROIDISSEMENT REF 28,30.09.2026,4901256758,PRD2,200,1,3
1000636685,PF TUYAU REFROIDISSEMENT REF 28,01.10.2026,4901257029,PRD2,200,1,2
1000636685,PF TUYAU REFROIDISSEMENT REF 28,01.10.2026,4901257039,PRD2,200,1,2
1000636685,PF TUYAU REFROIDISSEMENT REF 28,01.10.2026,4901257076,PRD2,200,1,2
1000674421,PF GRANULE PP SAC 25KG,20.09.2026,,Stock initial,8593.25,12,13
1000674421,PF GRANULE PP SAC 25KG,24.09.2026,4901255291,PRD2,750,1,9
1000674421,PF GRANULE PP SAC 25KG,24.09.2026,4901255295,PRD2,750,1,9
1000674421,PF GRANULE PP SAC 25KG,24.09.2026,4901255298,PRD2,750,1,9
1000674421,PF GRANULE PP SAC 25KG,24.09.2026,4901255308,PRD2,750,1,9
1000674421,PF GRANULE PP SAC 25KG,24.09.2026,4901255330,PRD2,750,1,9
1000674421,PF GRANULE PP SAC 25KG,24.09.2026,4901255356,PRD2,750,1,9
1000674421,PF GRANULE PP SAC 25KG,24.09.2026,4901255359,PRD2,750,1,9
1000674421,PF GRANULE PP SAC 25KG,25.09.2026,4901255590,PRD2,750,1,8
1000674421,PF GRANULE PP SAC 25KG,28.09.2026,4901256372,PRD2,750,1,5
1000674421,PF GRANULE PP SAC 25KG,28.09.2026,4901256378,PRD2,750,1,5
1000674421,PF GRANULE PP SAC 25KG,28.09.2026,4901256387,PRD2,750,1,5
1000674421,PF GRANULE PP SAC 25KG,28.09.2026,4901256393,PRD2,750,1,5
1000674421,PF GRANULE PP SAC 25KG,28.09.2026,4901256405,PRD2,750,1,5
1000674421,PF GRANULE PP SAC 25KG,29.09.2026,4901256460,PRD2,750,1,4
1000674421,PF GRANULE PP SAC 25KG,29.09.2026,4901256621,EMRT,2250,3,4
1000674421,PF GRANULE PP SAC 25KG,30.09.2026,4901256889,PRD2,750,1,3
1000674421,PF GRANULE PP SAC 25KG,30.09.2026,4901256892,PRD2,750,1,3
1000674421,PF GRANULE PP SAC 25KG,30.09.2026,4901256949,PRD2,750,1,3
1000674421,PF GRANULE PP SAC 25KG,30.09.2026,4901256951,PRD2,750,1,3
1000674421,PF GRANULE PP SAC 25KG,30.09.2026,4901256952,PRD2,750,1,3
1000674421,PF GRANULE PP SAC 25KG,30.09.2026,4901256953,PRD2,750,1,3
1000674421,PF GRANULE PP SAC 25KG,30.09.2026,4901256958,PRD2,750,1,3
1000674421,PF GRANULE PP SAC 25KG,30.09.2026,4901256988,PRD2,750,1,3
1000674421,PF GRANULE PP SAC 25KG,01.10.2026,4901257133,PRD2,750,1,2
1000683594,PF BOITIER SERIE SPECIALE REF 34,01.10.2026,4901257142,PRD2,48,1,2
1000700381,PF BOITIER FUSIBLES REF 11,20.09.2026,,Stock initial,155,3,13
1000700381,PF BOITIER FUSIBLES REF 11,21.09.2026,4901254388,PRD2,72,1,12
1000700381,PF BOITIER FUSIBLES REF 11,21.09.2026,4901254419,PRD2,72,1,12
1000700381,PF BOITIER FUSIBLES REF 11,21.09.2026,4901254426,PRD2,72,1,12
1000700381,PF BOITIER FUSIBLES REF 11,21.09.2026,4901254583,PRD2,72,1,12
1000700381,PF BOITIER FUSIBLES REF 11,21.09.2026,4901254586,PRD2,72,1,12
1000700381,PF BOITIER FUSIBLES REF 11,21.09.2026,4901254596,PRD2,72,1,12
1000700381,PF BOITIER FUSIBLES REF 11,21.09.2026,4901254600,PRD2,72,1,12
1000700381,PF BOITIER FUSIBLES REF 11,21.09.2026,4901254672,PRD2,72,1,12
1000700381,PF BOITIER FUSIBLES REF 11,22.09.2026,4901254779,PRD2,72,1,11
1000700381,PF BOITIER FUSIBLES REF 11,22.09.2026,4901254974,PRD2,72,1,11
1000700381,PF BOITIER FUSIBLES REF 11,23.09.2026,4901254994,PRD2,72,1,10
1000700381,PF BOITIER FUSIBLES REF 11,23.09.2026,4901254998,PRD2,72,1,10
1000700381,PF BOITIER FUSIBLES REF 11,23.09.2026,4901255019,PRD2,72,1,10
1000700381,PF BOITIER FUSIBLES REF 11,03.10.2026,4901257815,PRD2,72,1,0
1000700381,PF BOITIER FUSIBLES REF 11,03.10.2026,4901257825,PRD2,72,1,0
1000715011,PF POUDRE EPOXY SAC 20KG,20.09.2026,,Stock initial,4133.25,6,13
1000715011,PF POUDRE EPOXY SAC 20KG,21.09.2026,4901254700,PRD2,750,1,12
1000715011,PF POUDRE EPOXY SAC 20KG,21.09.2026,4901254702,PRD2,750,1,12
1000715011,PF POUDRE EPOXY SAC 20KG,22.09.2026,4901254713,PRD2,750,1,11
1000715011,PF POUDRE EPOXY SAC 20KG,24.09.2026,4901255317,PRD2,750,1,9
1000715011,PF POUDRE EPOXY SAC 20KG,24.09.2026,4901255354,PRD2,750,1,9
1000715011,PF POUDRE EPOXY SAC 20KG,25.09.2026,4901255571,PRD2,480.5,1,8
1000715011,PF POUDRE EPOXY SAC 20KG,26.09.2026,4901255976,EMRT,1500,2,7
1000715011,PF POUDRE EPOXY SAC 20KG,02.10.2026,4901257600,PRD2,750,1,1
1000715011,PF POUDRE EPOXY SAC 20KG,02.10.2026,4901257628,PRD2,750,1,1
1000715011,PF POUDRE EPOXY SAC 20KG,02.10.2026,4901257639,PRD2,750,1,1
1000730226,PF CAPOT MOTEUR GRIS REF 02,22.09.2026,4901254956,PRD2,13,1,11
1000730226,PF CAPOT MOTEUR GRIS REF 02,22.09.2026,4901254977,PRD2,24,1,11
1000730226,PF CAPOT MOTEUR GRIS REF 02,22.09.2026,4901254978,PRD2,24,1,11
1000730226,PF CAPOT MOTEUR GRIS REF 02,23.09.2026,4901254996,PRD2,24,1,10
1000730226,PF CAPOT MOTEUR GRIS REF 02,23.09.2026,4901255134,PRD2,24,1,10
1000730226,PF CAPOT MOTEUR GRIS REF 02,23.09.2026,4901255137,PRD2,24,1,10
1000730226,PF CAPOT MOTEUR GRIS REF 02,23.09.2026,4901255142,PRD2,24,1,10
1000730226,PF CAPOT MOTEUR GRIS REF 02,24.09.2026,4901255278,PRD2,24,1,9
1000730226,PF CAPOT MOTEUR GRIS REF 02,24.09.2026,4901255350,PRD2,24,1,9
1000730226,PF CAPOT MOTEUR GRIS REF 02,25.09.2026,4901255626,EMRT,24,1,8
1000730226,PF CAPOT MOTEUR GRIS REF 02,29.09.2026,4901256516,PRD2,24,1,4
1000730226,PF CAPOT MOTEUR GRIS REF 02,29.09.2026,4901256525,PRD2,24,1,4
1000730226,PF CAPOT MOTEUR GRIS REF 02,29.09.2026,4901256547,PRD2,24,1,4
1000730226,PF CAPOT MOTEUR GRIS REF 02,29.09.2026,4901256594,EMRT,24,1,4
1000730226,PF CAPOT MOTEUR GRIS REF 02,30.09.2026,4901256750,PRD2,24,1,3
1000730226,PF CAPOT MOTEUR GRIS REF 02,30.09.2026,4901256844,PRD2,24,1,3
1000730226,PF CAPOT MOTEUR GRIS REF 02,01.10.2026,4901257115,EMRT,48,2,2
1000730226,PF CAPOT MOTEUR GRIS REF 02,03.10.2026,4901257694,PRD2,24,1,0
1000730226,PF CAPOT MOTEUR GRIS REF 02,03.10.2026,4901257710,PRD2,24,1,0
1000730226,PF CAPOT MOTEUR GRIS REF 02,03.10.2026,4901257722,PRD2,24,1,0
1000730226,PF CAPOT MOTEUR GRIS REF 02,03.10.2026,4901257762,PRD2,24,1,0
1000730226,PF CAPOT MOTEUR GRIS REF 02,03.10.2026,4901257781,PRD2,24,1,0
1000730226,PF CAPOT MOTEUR GRIS REF 02,03.10.2026,4901257791,PRD2,24,1,0
1000730226,PF CAPOT MOTEUR GRIS REF 02,03.10.2026,4901257826,PRD2,24,1,0
1000744039,PF PATTE FIXATION REF 26,20.09.2026,,Stock initial,3360,7,13
1000744039,PF PATTE FIXATION REF 26,21.09.2026,4901254400,PRD2,480,1,12
1000744039,PF PATTE FIXATION REF 26,21.09.2026,4901254412,PRD2,480,1,12
1000744039,PF PATTE FIXATION REF 26,21.09.2026,4901254415,PRD2,480,1,12
1000744039,PF PATTE FIXATION REF 26,01.10.2026,4901257294,PRD2,480,1,2
1000744039,PF PATTE FIXATION REF 26,01.10.2026,4901257296,PRD2,480,1,2
1000744039,PF PATTE FIXATION REF 26,01.10.2026,4901257320,PRD2,480,1,2
1000744039,PF PATTE FIXATION REF 26,01.10.2026,4901257321,PRD2,480,1,2
1000744039,PF PATTE FIXATION REF 26,01.10.2026,4901257324,PRD2,480,1,2
1000744039,PF PATTE FIXATION REF 26,01.10.2026,4901257328,PRD2,417,1,2
1000744039,PF PATTE FIXATION REF 26,02.10.2026,4901257361,PRD2,480,1,1
1000744039,PF PATTE FIXATION REF 26,02.10.2026,4901257363,PRD2,480,1,1
1000744039,PF PATTE FIXATION REF 26,02.10.2026,4901257370,PRD2,480,1,1
1000744039,PF PATTE FIXATION REF 26,02.10.2026,4901257381,PRD2,480,1,1
1000744039,PF PATTE FIXATION REF 26,02.10.2026,4901257385,PRD2,480,1,1
1000744039,PF PATTE FIXATION REF 26,02.10.2026,4901257411,EMRT,1440,3,1
1000744039,PF PATTE FIXATION REF 26,02.10.2026,4901257428,PRD2,480,1,1
1000744039,PF PATTE FIXATION REF 26,02.10.2026,4901257436,PRD2,480,1,1
1000744039,PF PATTE FIXATION REF 26,03.10.2026,4901257882,PRD2,480,1,0
1000744039,PF PATTE FIXATION REF 26,03.10.2026,4901257885,PRD2,480,1,0
1000744039,PF PATTE FIXATION REF 26,03.10.2026,4901257887,PRD2,480,1,0
1000744039,PF PATTE FIXATION REF 26,03.10.2026,4901257902,PRD2,358,1,0
1000744039,PF PATTE FIXATION REF 26,03.10.2026,4901257907,PRD2,480,1,0
1000744039,PF PATTE FIXATION REF 26,03.10.2026,4901257924,PRD2,480,1,0
1000744039,PF PATTE FIXATION REF 26,03.10.2026,4901257929,PRD2,480,1,0
1000751673,PF BOUCHON RESERVOIR REF 07,20.09.2026,,Stock initial,904,5,13
1000751673,PF BOUCHON RESERVOIR REF 07,22.09.2026,4901254968,PRD2,200,1,11
1000751673,PF BOUCHON RESERVOIR REF 07,23.09.2026,4901255003,PRD2,200,1,10
1000751673,PF BOUCHON RESERVOIR REF 07,23.09.2026,4901255010,PRD2,200,1,10
1000751673,PF BOUCHON RESERVOIR REF 07,26.09.2026,4901256057,PRD2,200,1,7
1000751673,PF BOUCHON RESERVOIR REF 07,26.09.2026,4901256060,PRD2,200,1,7
1000751673,PF BOUCHON RESERVOIR REF 07,28.09.2026,4901256170,PRD2,200,1,5
1000751673,PF BOUCHON RESERVOIR REF 07,01.10.2026,4901257244,PRD2,200,1,2
1000751673,PF BOUCHON RESERVOIR REF 07,02.10.2026,4901257359,PRD2,200,1,1
1000778636,PF GRILLE AERATION BLANCHE REF 08,21.09.2026,4901254483,PRD2,16,1,12
1000778636,PF GRILLE AERATION BLANCHE REF 08,21.09.2026,4901254498,PRD2,108,1,12
1000778636,PF GRILLE AERATION BLANCHE REF 08,21.09.2026,4901254503,PRD2,144,1,12
1000778636,PF GRILLE AERATION BLANCHE REF 08,21.09.2026,4901254527,PRD2,144,1,12
1000778636,PF GRILLE AERATION BLANCHE REF 08,21.09.2026,4901254544,PRD2,144,1,12
1000778636,PF GRILLE AERATION BLANCHE REF 08,21.09.2026,4901254546,PRD2,144,1,12
1000778636,PF GRILLE AERATION BLANCHE REF 08,21.09.2026,4901254551,PRD2,144,1,12
1000778636,PF GRILLE AERATION BLANCHE REF 08,22.09.2026,4901254813,EMRT,144,1,11
1000778636,PF GRILLE AERATION BLANCHE REF 08,23.09.2026,4901255119,EMRT,432,3,10
1000778636,PF GRILLE AERATION BLANCHE REF 08,24.09.2026,4901255343,EMRT,288,2,9
1000778636,PF GRILLE AERATION BLANCHE REF 08,26.09.2026,4901255882,EMRT,144,1,7
1000778636,PF GRILLE AERATION BLANCHE REF 08,26.09.2026,4901255970,EMRT,144,1,7
1000778636,PF GRILLE AERATION BLANCHE REF 08,26.09.2026,4901256089,PRD2,144,1,7
1000778636,PF GRILLE AERATION BLANCHE REF 08,26.09.2026,4901256095,PRD2,144,1,7
1000778636,PF GRILLE AERATION BLANCHE REF 08,26.09.2026,4901256096,PRD2,144,1,7
1000778636,PF GRILLE AERATION BLANCHE REF 08,26.09.2026,4901256099,PRD2,144,1,7
1000778636,PF GRILLE AERATION BLANCHE REF 08,26.09.2026,4901256106,PRD2,144,1,7
1000778636,PF GRILLE AERATION BLANCHE REF 08,26.09.2026,4901256114,PRD2,144,1,7
1000778636,PF GRILLE AERATION BLANCHE REF 08,26.09.2026,4901256115,PRD2,144,1,7
1000778636,PF GRILLE AERATION BLANCHE REF 08,28.09.2026,4901256380,PRD2,144,1,5
1000778636,PF GRILLE AERATION BLANCHE REF 08,28.09.2026,4901256391,PRD2,144,1,5
1000778636,PF GRILLE AERATION BLANCHE REF 08,28.09.2026,4901256395,PRD2,144,1,5
1000778636,PF GRILLE AERATION BLANCHE REF 08,28.09.2026,4901256397,PRD2,144,1,5
1000778636,PF GRILLE AERATION BLANCHE REF 08,28.09.2026,4901256400,PRD2,144,1,5
1000778636,PF GRILLE AERATION BLANCHE REF 08,28.09.2026,4901256402,PRD2,144,1,5
1000778636,PF GRILLE AERATION BLANCHE REF 08,29.09.2026,4901256505,PRD2,144,1,4
1000778636,PF GRILLE AERATION BLANCHE REF 08,01.10.2026,4901257119,PRD2,144,1,2
1000778636,PF GRILLE AERATION BLANCHE REF 08,01.10.2026,4901257165,PRD2,144,1,2
1000778636,PF GRILLE AERATION BLANCHE REF 08,01.10.2026,4901257181,PRD2,144,1,2
1000778636,PF GRILLE AERATION BLANCHE REF 08,01.10.2026,4901257184,PRD2,144,1,2
1000778636,PF GRILLE AERATION BLANCHE REF 08,01.10.2026,4901257189,PRD2,144,1,2
1000778636,PF GRILLE AERATION BLANCHE REF 08,01.10.2026,4901257198,PRD2,144,1,2
1000778636,PF GRILLE AERATION BLANCHE REF 08,03.10.2026,4901257895,PRD2,144,1,0
1000778636,PF GRILLE AERATION BLANCHE REF 08,03.10.2026,4901257898,PRD2,144,1,0
1000778636,PF GRILLE AERATION BLANCHE REF 08,03.10.2026,4901257899,PRD2,144,1,0
1000778636,PF GRILLE AERATION BLANCHE REF 08,03.10.2026,4901257905,PRD2,144,1,0
1000778636,PF GRILLE AERATION BLANCHE REF 08,03.10.2026,4901257909,PRD2,144,1,0
1000778636,PF GRILLE AERATION BLANCHE REF 08,03.10.2026,4901257911,PRD2,144,1,0
1000778636,PF GRILLE AERATION BLANCHE REF 08,03.10.2026,4901257940,PRD2,144,1,0
1000812390,PF CACHE MOTEUR REF 20,20.09.2026,,Stock initial,183,8,13
1000812390,PF CACHE MOTEUR REF 20,21.09.2026,4901254537,EMRT,72,3,12
1000812390,PF CACHE MOTEUR REF 20,25.09.2026,4901255600,PRD2,24,1,8
1000812390,PF CACHE MOTEUR REF 20,26.09.2026,4901255881,PRD2,24,1,7
1000812390,PF CACHE MOTEUR REF 20,29.09.2026,4901256493,PRD2,24,1,4
1000812390,PF CACHE MOTEUR REF 20,29.09.2026,4901256495,PRD2,24,1,4
1000812390,PF CACHE MOTEUR REF 20,29.09.2026,4901256497,PRD2,24,1,4
1000818461,PF CONSOLE CENTRALE REF 24,22.09.2026,4901254760,PRD2,31,1,11
1000818461,PF CONSOLE CENTRALE REF 24,25.09.2026,4901255795,PRD2,36,1,8
1000818461,PF CONSOLE CENTRALE REF 24,25.09.2026,4901255799,PRD2,21,1,8
1000818461,PF CONSOLE CENTRALE REF 24,25.09.2026,4901255801,PRD2,36,1,8
1000818461,PF CONSOLE CENTRALE REF 24,26.09.2026,4901255909,PRD2,36,1,7
1000818461,PF CONSOLE CENTRALE REF 24,26.09.2026,4901255944,PRD2,36,1,7
1000818461,PF CONSOLE CENTRALE REF 24,26.09.2026,4901256082,PRD2,36,1,7
1000818461,PF CONSOLE CENTRALE REF 24,26.09.2026,4901256092,PRD2,36,1,7
1000818461,PF CONSOLE CENTRALE REF 24,26.09.2026,4901256094,PRD2,36,1,7
1000818461,PF CONSOLE CENTRALE REF 24,28.09.2026,4901256246,PRD2,36,1,5
1000818461,PF CONSOLE CENTRALE REF 24,30.09.2026,4901256760,PRD2,36,1,3
1000818461,PF CONSOLE CENTRALE REF 24,30.09.2026,4901256763,PRD2,36,1,3
1000818461,PF CONSOLE CENTRALE REF 24,30.09.2026,4901256841,PRD2,36,1,3
1000818461,PF CONSOLE CENTRALE REF 24,30.09.2026,4901256855,EMRT,36,1,3
1000818461,PF CONSOLE CENTRALE REF 24,01.10.2026,4901257019,PRD2,36,1,2
1000818461,PF CONSOLE CENTRALE REF 24,01.10.2026,4901257022,PRD2,36,1,2
1000818461,PF CONSOLE CENTRALE REF 24,01.10.2026,4901257025,PRD2,36,1,2
1000818461,PF CONSOLE CENTRALE REF 24,01.10.2026,4901257028,PRD2,36,1,2
1000818461,PF CONSOLE CENTRALE REF 24,01.10.2026,4901257034,PRD2,36,1,2
1000818461,PF CONSOLE CENTRALE REF 24,02.10.2026,4901257563,PRD2,36,1,1
1000818461,PF CONSOLE CENTRALE REF 24,02.10.2026,4901257572,PRD2,36,1,1
1000866025,PF GAINE ELECTRIQUE 25MM REF 25,22.09.2026,4901254780,EMRT,83,1,11
1000866025,PF GAINE ELECTRIQUE 25MM REF 25,22.09.2026,4901254782,PRD2,144,1,11
1000866025,PF GAINE ELECTRIQUE 25MM REF 25,28.09.2026,4901256160,PRD2,116,1,5
1000866025,PF GAINE ELECTRIQUE 25MM REF 25,28.09.2026,4901256167,PRD2,144,1,5
1000866025,PF GAINE ELECTRIQUE 25MM REF 25,29.09.2026,4901256720,PRD2,144,1,4
1000866025,PF GAINE ELECTRIQUE 25MM REF 25,29.09.2026,4901256730,PRD2,144,1,4
1000866025,PF GAINE ELECTRIQUE 25MM REF 25,03.10.2026,4901257823,PRD2,144,1,0
1000866025,PF GAINE ELECTRIQUE 25MM REF 25,03.10.2026,4901257869,PRD2,144,1,0
1000866025,PF GAINE ELECTRIQUE 25MM REF 25,03.10.2026,4901257931,PRD2,144,1,0
1000887507,PF COMPOUND ABS VRAC OCTABIN,20.09.2026,,Stock initial,5218.75,9,13
1000887507,PF COMPOUND ABS VRAC OCTABIN,21.09.2026,4901254389,PRD2,600,1,12
1000887507,PF COMPOUND ABS VRAC OCTABIN,21.09.2026,4901254422,PRD2,600,1,12
1000887507,PF COMPOUND ABS VRAC OCTABIN,21.09.2026,4901254427,PRD2,600,1,12
1000887507,PF COMPOUND ABS VRAC OCTABIN,22.09.2026,4901254868,PRD2,600,1,11
1000887507,PF COMPOUND ABS VRAC OCTABIN,22.09.2026,4901254874,PRD2,600,1,11
1000887507,PF COMPOUND ABS VRAC OCTABIN,22.09.2026,4901254875,PRD2,600,1,11
1000887507,PF COMPOUND ABS VRAC OCTABIN,22.09.2026,4901254876,PRD2,600,1,11
1000887507,PF COMPOUND ABS VRAC OCTABIN,22.09.2026,4901254893,PRD2,600,1,11
1000887507,PF COMPOUND ABS VRAC OCTABIN,25.09.2026,4901255557,PRD2,600,1,8
1000887507,PF COMPOUND ABS VRAC OCTABIN,25.09.2026,4901255580,PRD2,600,1,8
1000887507,PF COMPOUND ABS VRAC OCTABIN,25.09.2026,4901255594,PRD2,600,1,8
1000887507,PF COMPOUND ABS VRAC OCTABIN,25.09.2026,4901255603,PRD2,600,1,8
1000887507,PF COMPOUND ABS VRAC OCTABIN,25.09.2026,4901255608,PRD2,600,1,8
1000887507,PF COMPOUND ABS VRAC OCTABIN,25.09.2026,4901255612,PRD2,600,1,8
1000887507,PF COMPOUND ABS VRAC OCTABIN,25.09.2026,4901255616,PRD2,600,1,8
1000887507,PF COMPOUND ABS VRAC OCTABIN,25.09.2026,4901255786,PRD2,600,1,8
1000887507,PF COMPOUND ABS VRAC OCTABIN,26.09.2026,4901255878,PRD2,600,1,7
1000887507,PF COMPOUND ABS VRAC OCTABIN,28.09.2026,4901256318,PRD2,600,1,5
1000887507,PF COMPOUND ABS VRAC OCTABIN,28.09.2026,4901256347,PRD2,600,1,5
1000887507,PF COMPOUND ABS VRAC OCTABIN,28.09.2026,4901256353,PRD2,600,1,5
1000887507,PF COMPOUND ABS VRAC OCTABIN,28.09.2026,4901256355,PRD2,600,1,5
1000887507,PF COMPOUND ABS VRAC OCTABIN,28.09.2026,4901256361,PRD2,443.5,1,5
1000887507,PF COMPOUND ABS VRAC OCTABIN,29.09.2026,4901256415,PRD2,600,1,4
1000887507,PF COMPOUND ABS VRAC OCTABIN,29.09.2026,4901256502,PRD2,600,1,4
1000887507,PF COMPOUND ABS VRAC OCTABIN,29.09.2026,4901256535,PRD2,600,1,4
1000887507,PF COMPOUND ABS VRAC OCTABIN,29.09.2026,4901256551,PRD2,600,1,4
1000887507,PF COMPOUND ABS VRAC OCTABIN,29.09.2026,4901256702,PRD2,600,1,4
1000887507,PF COMPOUND ABS VRAC OCTABIN,30.09.2026,4901256834,PRD2,600,1,3
1000887507,PF COMPOUND ABS VRAC OCTABIN,01.10.2026,4901257195,PRD2,600,1,2
1000887507,PF COMPOUND ABS VRAC OCTABIN,01.10.2026,4901257203,PRD2,600,1,2
1000887507,PF COMPOUND ABS VRAC OCTABIN,01.10.2026,4901257204,PRD2,600,1,2
1000887507,PF COMPOUND ABS VRAC OCTABIN,01.10.2026,4901257208,PRD2,600,1,2
1000887507,PF COMPOUND ABS VRAC OCTABIN,01.10.2026,4901257210,PRD2,600,1,2
1000887507,PF COMPOUND ABS VRAC OCTABIN,01.10.2026,4901257211,PRD2,600,1,2
1000887507,PF COMPOUND ABS VRAC OCTABIN,01.10.2026,4901257224,PRD2,470.75,1,2
1000887507,PF COMPOUND ABS VRAC OCTABIN,02.10.2026,4901257378,PRD2,600,1,1
1000905427,PF PANNEAU PORTE GAUCHE REF 21,20.09.2026,,Stock initial,1051,15,13
1000905427,PF PANNEAU PORTE GAUCHE REF 21,21.09.2026,4901254682,PRD2,72,1,12
1000905427,PF PANNEAU PORTE GAUCHE REF 21,21.09.2026,4901254687,PRD2,72,1,12
1000905427,PF PANNEAU PORTE GAUCHE REF 21,21.09.2026,4901254690,PRD2,72,1,12
1000905427,PF PANNEAU PORTE GAUCHE REF 21,21.09.2026,4901254692,PRD2,72,1,12
1000905427,PF PANNEAU PORTE GAUCHE REF 21,21.09.2026,4901254697,PRD2,72,1,12
1000905427,PF PANNEAU PORTE GAUCHE REF 21,21.09.2026,4901254699,PRD2,72,1,12
1000905427,PF PANNEAU PORTE GAUCHE REF 21,23.09.2026,4901255171,EMRT,288,4,10
1000905427,PF PANNEAU PORTE GAUCHE REF 21,26.09.2026,4901255866,PRD2,72,1,7
1000905427,PF PANNEAU PORTE GAUCHE REF 21,26.09.2026,4901255874,PRD2,72,1,7
1000905427,PF PANNEAU PORTE GAUCHE REF 21,28.09.2026,4901256154,PRD2,72,1,5
1000905427,PF PANNEAU PORTE GAUCHE REF 21,03.10.2026,4901257741,PRD2,72,1,0
1000905427,PF PANNEAU PORTE GAUCHE REF 21,03.10.2026,4901257759,PRD2,72,1,0
1000905427,PF PANNEAU PORTE GAUCHE REF 21,03.10.2026,4901257764,PRD2,72,1,0
1000905427,PF PANNEAU PORTE GAUCHE REF 21,03.10.2026,4901257767,PRD2,72,1,0
1000905427,PF PANNEAU PORTE GAUCHE REF 21,03.10.2026,4901257803,PRD2,72,1,0
1000910625,PF ECROU PLASTIQUE M8 REF 29,22.09.2026,4901254885,PRD2,33,1,11
1000910625,PF ECROU PLASTIQUE M8 REF 29,22.09.2026,4901254890,PRD2,72,1,11
1000910625,PF ECROU PLASTIQUE M8 REF 29,22.09.2026,4901254892,PRD2,72,1,11
1000910625,PF ECROU PLASTIQUE M8 REF 29,22.09.2026,4901254895,PRD2,72,1,11
1000910625,PF ECROU PLASTIQUE M8 REF 29,22.09.2026,4901254914,PRD2,72,1,11
1000910625,PF ECROU PLASTIQUE M8 REF 29,23.09.2026,4901255006,PRD2,72,1,10
1000910625,PF ECROU PLASTIQUE M8 REF 29,24.09.2026,4901255460,PRD2,72,1,9
1000910625,PF ECROU PLASTIQUE M8 REF 29,24.09.2026,4901255470,PRD2,72,1,9
1000910625,PF ECROU PLASTIQUE M8 REF 29,24.09.2026,4901255473,PRD2,72,1,9
1000910625,PF ECROU PLASTIQUE M8 REF 29,24.09.2026,4901255485,PRD2,72,1,9
1000910625,PF ECROU PLASTIQUE M8 REF 29,24.09.2026,4901255489,PRD2,72,1,9
1000910625,PF ECROU PLASTIQUE M8 REF 29,24.09.2026,4901255490,PRD2,72,1,9
1000910625,PF ECROU PLASTIQUE M8 REF 29,24.09.2026,4901255498,PRD2,72,1,9
1000910625,PF ECROU PLASTIQUE M8 REF 29,25.09.2026,4901255621,PRD2,72,1,8
1000910625,PF ECROU PLASTIQUE M8 REF 29,25.09.2026,4901255629,PRD2,72,1,8
1000910625,PF ECROU PLASTIQUE M8 REF 29,25.09.2026,4901255635,PRD2,72,1,8
1000910625,PF ECROU PLASTIQUE M8 REF 29,25.09.2026,4901255649,PRD2,72,1,8
1000910625,PF ECROU PLASTIQUE M8 REF 29,25.09.2026,4901255651,PRD2,72,1,8
1000910625,PF ECROU PLASTIQUE M8 REF 29,25.09.2026,4901255674,PRD2,72,1,8
1000910625,PF ECROU PLASTIQUE M8 REF 29,25.09.2026,4901255679,PRD2,72,1,8
1000910625,PF ECROU PLASTIQUE M8 REF 29,25.09.2026,4901255680,PRD2,72,1,8
1000910625,PF ECROU PLASTIQUE M8 REF 29,25.09.2026,4901255682,PRD2,72,1,8
1000910625,PF ECROU PLASTIQUE M8 REF 29,25.09.2026,4901255692,PRD2,72,1,8
1000910625,PF ECROU PLASTIQUE M8 REF 29,25.09.2026,4901255704,PRD2,72,1,8
1000910625,PF ECROU PLASTIQUE M8 REF 29,25.09.2026,4901255708,PRD2,72,1,8
1000910625,PF ECROU PLASTIQUE M8 REF 29,26.09.2026,4901255871,EMRT,288,4,7
1000910625,PF ECROU PLASTIQUE M8 REF 29,30.09.2026,4901256836,EMRT,144,2,3
1000910625,PF ECROU PLASTIQUE M8 REF 29,30.09.2026,4901256967,PRD2,72,1,3
1000910625,PF ECROU PLASTIQUE M8 REF 29,30.09.2026,4901256995,PRD2,72,1,3
1000910625,PF ECROU PLASTIQUE M8 REF 29,01.10.2026,4901257015,PRD2,72,1,2
1000910625,PF ECROU PLASTIQUE M8 REF 29,01.10.2026,4901257041,PRD2,72,1,2
1000910625,PF ECROU PLASTIQUE M8 REF 29,01.10.2026,4901257063,PRD2,72,1,2
1000910625,PF ECROU PLASTIQUE M8 REF 29,01.10.2026,4901257106,EMRT,216,3,2
1000910625,PF ECROU PLASTIQUE M8 REF 29,02.10.2026,4901257583,PRD2,72,1,1
1000910625,PF ECROU PLASTIQUE M8 REF 29,02.10.2026,4901257597,PRD2,72,1,1
1000910625,PF ECROU PLASTIQUE M8 REF 29,02.10.2026,4901257602,PRD2,72,1,1
1000910625,PF ECROU PLASTIQUE M8 REF 29,02.10.2026,4901257609,PRD2,72,1,1
1000910625,PF ECROU PLASTIQUE M8 REF 29,02.10.2026,4901257620,PRD2,72,1,1
1000910625,PF ECROU PLASTIQUE M8 REF 29,02.10.2026,4901257645,PRD2,72,1,1
1000910625,PF ECROU PLASTIQUE M8 REF 29,02.10.2026,4901257646,PRD2,72,1,1
1000910625,PF ECROU PLASTIQUE M8 REF 29,02.10.2026,4901257651,PRD2,72,1,1
1000910625,PF ECROU PLASTIQUE M8 REF 29,02.10.2026,4901257652,PRD2,72,1,1
1000910625,PF ECROU PLASTIQUE M8 REF 29,03.10.2026,4901257669,EMRT,72,1,0
1000910625,PF ECROU PLASTIQUE M8 REF 29,03.10.2026,4901257674,PRD2,72,1,0
1000914295,PF CONNECTEUR 4 VOIES REF 04,21.09.2026,4901254435,PRD2,14,1,12
1000914295,PF CONNECTEUR 4 VOIES REF 04,21.09.2026,4901254439,PRD2,320,1,12
1000914295,PF CONNECTEUR 4 VOIES REF 04,22.09.2026,4901254802,PRD2,320,1,11
1000914295,PF CONNECTEUR 4 VOIES REF 04,24.09.2026,4901255270,PRD2,320,1,9
1000914295,PF CONNECTEUR 4 VOIES REF 04,25.09.2026,4901255724,EMRT,960,3,8
1000914295,PF CONNECTEUR 4 VOIES REF 04,25.09.2026,4901255834,PRD2,320,1,8
1000914295,PF CONNECTEUR 4 VOIES REF 04,25.09.2026,4901255837,PRD2,320,1,8
1000914295,PF CONNECTEUR 4 VOIES REF 04,25.09.2026,4901255840,PRD2,320,1,8
1000914295,PF CONNECTEUR 4 VOIES REF 04,25.09.2026,4901255843,PRD2,320,1,8
1000914295,PF CONNECTEUR 4 VOIES REF 04,26.09.2026,4901255953,PRD2,320,1,7
1000914295,PF CONNECTEUR 4 VOIES REF 04,26.09.2026,4901256022,PRD2,320,1,7
1000914295,PF CONNECTEUR 4 VOIES REF 04,30.09.2026,4901256861,PRD2,320,1,3
1000914295,PF CONNECTEUR 4 VOIES REF 04,30.09.2026,4901256865,PRD2,320,1,3
1000914295,PF CONNECTEUR 4 VOIES REF 04,30.09.2026,4901256875,PRD2,320,1,3
1000914295,PF CONNECTEUR 4 VOIES REF 04,30.09.2026,4901256881,PRD2,320,1,3
1000914295,PF CONNECTEUR 4 VOIES REF 04,30.09.2026,4901256884,PRD2,320,1,3
1000914295,PF CONNECTEUR 4 VOIES REF 04,30.09.2026,4901256887,PRD2,320,1,3
1000914295,PF CONNECTEUR 4 VOIES REF 04,30.09.2026,4901256905,PRD2,320,1,3
1000914295,PF CONNECTEUR 4 VOIES REF 04,30.09.2026,4901256910,PRD2,320,1,3
1000921426,PF CONDUIT AIR 80MM REF 15,20.09.2026,,Stock initial,130,1,13
1000921426,PF CONDUIT AIR 80MM REF 15,21.09.2026,4901254372,PRD2,200,1,12
1000921426,PF CONDUIT AIR 80MM REF 15,21.09.2026,4901254401,PRD2,200,1,12
1000921426,PF CONDUIT AIR 80MM REF 15,26.09.2026,4901255869,PRD2,200,1,7
1000921426,PF CONDUIT AIR 80MM REF 15,26.09.2026,4901255876,PRD2,200,1,7
1000921426,PF CONDUIT AIR 80MM REF 15,28.09.2026,4901256193,PRD2,200,1,5
1000921426,PF CONDUIT AIR 80MM REF 15,29.09.2026,4901256626,PRD2,200,1,4
1000921426,PF CONDUIT AIR 80MM REF 15,29.09.2026,4901256633,PRD2,200,1,4
1000921426,PF CONDUIT AIR 80MM REF 15,29.09.2026,4901256658,PRD2,200,1,4
1000921426,PF CONDUIT AIR 80MM REF 15,29.09.2026,4901256661,PRD2,200,1,4
1000921426,PF CONDUIT AIR 80MM REF 15,29.09.2026,4901256668,PRD2,200,1,4
1000921426,PF CONDUIT AIR 80MM REF 15,29.09.2026,4901256673,PRD2,200,1,4
1000921426,PF CONDUIT AIR 80MM REF 15,29.09.2026,4901256684,PRD2,200,1,4
1000921426,PF CONDUIT AIR 80MM REF 15,29.09.2026,4901256686,PRD2,200,1,4
1000921426,PF CONDUIT AIR 80MM REF 15,30.09.2026,4901256961,PRD2,200,1,3
1000921426,PF CONDUIT AIR 80MM REF 15,30.09.2026,4901256974,PRD2,200,1,3
1000921426,PF CONDUIT AIR 80MM REF 15,30.09.2026,4901256993,PRD2,200,1,3
1000921426,PF CONDUIT AIR 80MM REF 15,30.09.2026,4901256998,PRD2,200,1,3
1000921426,PF CONDUIT AIR 80MM REF 15,30.09.2026,4901257001,PRD2,200,1,3
1000921426,PF CONDUIT AIR 80MM REF 15,01.10.2026,4901257036,PRD2,200,1,2
1000921426,PF CONDUIT AIR 80MM REF 15,02.10.2026,4901257446,PRD2,200,1,1
1000921426,PF CONDUIT AIR 80MM REF 15,02.10.2026,4901257538,PRD2,200,1,1
1000921426,PF CONDUIT AIR 80MM REF 15,02.10.2026,4901257627,PRD2,200,1,1
1000921426,PF CONDUIT AIR 80MM REF 15,02.10.2026,4901257638,PRD2,200,1,1
1000921426,PF CONDUIT AIR 80MM REF 15,02.10.2026,4901257649,PRD2,200,1,1
1000921426,PF CONDUIT AIR 80MM REF 15,02.10.2026,4901257653,PRD2,200,1,1
1000921426,PF CONDUIT AIR 80MM REF 15,02.10.2026,4901257655,PRD2,200,1,1
1000921426,PF CONDUIT AIR 80MM REF 15,02.10.2026,4901257657,PRD2,200,1,1
1000921426,PF CONDUIT AIR 80MM REF 15,02.10.2026,4901257659,PRD2,200,1,1
1000921426,PF CONDUIT AIR 80MM REF 15,03.10.2026,4901257664,PRD2,200,1,0
1000954340,PF FILTRE HABITACLE REF 27,25.09.2026,4901255555,PRD2,404,1,8
1000954340,PF FILTRE HABITACLE REF 27,25.09.2026,4901255589,PRD2,480,1,8
1000954340,PF FILTRE HABITACLE REF 27,25.09.2026,4901255722,PRD2,480,1,8
1000954340,PF FILTRE HABITACLE REF 27,25.09.2026,4901255723,PRD2,480,1,8
1000954340,PF FILTRE HABITACLE REF 27,25.09.2026,4901255727,PRD2,480,1,8
1000954340,PF FILTRE HABITACLE REF 27,25.09.2026,4901255730,PRD2,480,1,8
1000954340,PF FILTRE HABITACLE REF 27,25.09.2026,4901255733,PRD2,480,1,8
1000954340,PF FILTRE HABITACLE REF 27,25.09.2026,4901255745,PRD2,480,1,8
1000954340,PF FILTRE HABITACLE REF 27,25.09.2026,4901255760,PRD2,480,1,8
1000954340,PF FILTRE HABITACLE REF 27,26.09.2026,4901255894,PRD2,480,1,7
1000954340,PF FILTRE HABITACLE REF 27,28.09.2026,4901256360,PRD2,480,1,5
1000954340,PF FILTRE HABITACLE REF 27,28.09.2026,4901256374,PRD2,480,1,5
1000954340,PF FILTRE HABITACLE REF 27,28.09.2026,4901256379,PRD2,480,1,5
1000954340,PF FILTRE HABITACLE REF 27,28.09.2026,4901256385,PRD2,480,1,5
1000954340,PF FILTRE HABITACLE REF 27,29.09.2026,4901256609,PRD2,480,1,4
1000954340,PF FILTRE HABITACLE REF 27,29.09.2026,4901256610,PRD2,480,1,4
1000954340,PF FILTRE HABITACLE REF 27,29.09.2026,4901256639,PRD2,480,1,4
1000954340,PF FILTRE HABITACLE REF 27,29.09.2026,4901256669,PRD2,480,1,4
1000954340,PF FILTRE HABITACLE REF 27,30.09.2026,4901256810,PRD2,480,1,3
1000954340,PF FILTRE HABITACLE REF 27,30.09.2026,4901256811,PRD2,480,1,3
1000954340,PF FILTRE HABITACLE REF 27,30.09.2026,4901256814,PRD2,480,1,3
1000954340,PF FILTRE HABITACLE REF 27,30.09.2026,4901256831,PRD2,480,1,3
1000954340,PF FILTRE HABITACLE REF 27,30.09.2026,4901256850,PRD2,480,1,3
1000954340,PF FILTRE HABITACLE REF 27,30.09.2026,4901256903,PRD2,480,1,3
1000954340,PF FILTRE HABITACLE REF 27,01.10.2026,4901257042,PRD2,480,1,2
1000954340,PF FILTRE HABITACLE REF 27,01.10.2026,4901257066,PRD2,480,1,2
1000954340,PF FILTRE HABITACLE REF 27,01.10.2026,4901257073,PRD2,480,1,2
1000954340,PF FILTRE HABITACLE REF 27,01.10.2026,4901257081,PRD2,480,1,2
1000954340,PF FILTRE HABITACLE REF 27,01.10.2026,4901257093,PRD2,480,1,2
1000954340,PF FILTRE HABITACLE REF 27,01.10.2026,4901257097,PRD2,480,1,2
1000954340,PF FILTRE HABITACLE REF 27,01.10.2026,4901257149,PRD2,480,1,2
1000954340,PF FILTRE HABITACLE REF 27,01.10.2026,4901257157,PRD2,480,1,2
1000954340,PF FILTRE HABITACLE REF 27,02.10.2026,4901257334,PRD2,480,1,1
1000954340,PF FILTRE HABITACLE REF 27,03.10.2026,4901257868,PRD2,480,1,0
1000954340,PF FILTRE HABITACLE REF 27,03.10.2026,4901257877,PRD2,480,1,0
1000954340,PF FILTRE HABITACLE REF 27,03.10.2026,4901257892,PRD2,480,1,0
1000954340,PF FILTRE HABITACLE REF 27,03.10.2026,4901257934,PRD2,480,1,0
1000956436,PF MELANGE MAITRE BLANC SAC,20.09.2026,,Stock initial,4200,7,13
1000956436,PF MELANGE MAITRE BLANC SAC,23.09.2026,4901255062,PRD2,600,1,10
1000956436,PF MELANGE MAITRE BLANC SAC,23.09.2026,4901255077,PRD2,600,1,10
1000956436,PF MELANGE MAITRE BLANC SAC,23.09.2026,4901255083,PRD2,600,1,10
1000956436,PF MELANGE MAITRE BLANC SAC,23.09.2026,4901255100,PRD2,600,1,10
1000956436,PF MELANGE MAITRE BLANC SAC,23.09.2026,4901255122,PRD2,600,1,10
1000956436,PF MELANGE MAITRE BLANC SAC,23.09.2026,4901255127,PRD2,600,1,10
1000956436,PF MELANGE MAITRE BLANC SAC,23.09.2026,4901255129,PRD2,600,1,10
1000956436,PF MELANGE MAITRE BLANC SAC,24.09.2026,4901255305,PRD2,600,1,9
1000956436,PF MELANGE MAITRE BLANC SAC,24.09.2026,4901255438,EMRT,2400,4,9
1000956436,PF MELANGE MAITRE BLANC SAC,28.09.2026,4901256258,PRD2,600,1,5
1000956436,PF MELANGE MAITRE BLANC SAC,28.09.2026,4901256260,PRD2,600,1,5
1000956436,PF MELANGE MAITRE BLANC SAC,28.09.2026,4901256272,PRD2,600,1,5
1000956436,PF MELANGE MAITRE BLANC SAC,28.09.2026,4901256274,PRD2,600,1,5
1000956436,PF MELANGE MAITRE BLANC SAC,28.09.2026,4901256287,PRD2,600,1,5
1000956436,PF MELANGE MAITRE BLANC SAC,28.09.2026,4901256322,PRD2,600,1,5
1000956436,PF MELANGE MAITRE BLANC SAC,30.09.2026,4901256897,PRD2,600,1,3
1000956436,PF MELANGE MAITRE BLANC SAC,30.09.2026,4901256937,PRD2,600,1,3
1000956436,PF MELANGE MAITRE BLANC SAC,30.09.2026,4901256955,PRD2,600,1,3
1000956436,PF MELANGE MAITRE BLANC SAC,30.09.2026,4901256960,PRD2,600,1,3
1000956436,PF MELANGE MAITRE BLANC SAC,30.09.2026,4901256970,PRD2,600,1,3
1000956436,PF MELANGE MAITRE BLANC SAC,30.09.2026,4901256972,PRD2,600,1,3
1000983322,PF POIGNEE PORTE CHROME REF 09,23.09.2026,4901255211,PRD2,64,1,10
1000983322,PF POIGNEE PORTE CHROME REF 09,23.09.2026,4901255212,PRD2,96,1,10
1000983322,PF POIGNEE PORTE CHROME REF 09,23.09.2026,4901255214,PRD2,96,1,10
1000983322,PF POIGNEE PORTE CHROME REF 09,23.09.2026,4901255216,PRD2,96,1,10
1000983322,PF POIGNEE PORTE CHROME REF 09,25.09.2026,4901255658,PRD2,96,1,8
1000983322,PF POIGNEE PORTE CHROME REF 09,25.09.2026,4901255666,PRD2,96,1,8
1000983322,PF POIGNEE PORTE CHROME REF 09,25.09.2026,4901255670,PRD2,96,1,8
1000983322,PF POIGNEE PORTE CHROME REF 09,25.09.2026,4901255689,PRD2,96,1,8
1000983322,PF POIGNEE PORTE CHROME REF 09,25.09.2026,4901255691,PRD2,96,1,8
1000983322,PF POIGNEE PORTE CHROME REF 09,25.09.2026,4901255694,PRD2,96,1,8
1000983322,PF POIGNEE PORTE CHROME REF 09,25.09.2026,4901255706,PRD2,96,1,8
1000983322,PF POIGNEE PORTE CHROME REF 09,25.09.2026,4901255711,PRD2,96,1,8
1000983322,PF POIGNEE PORTE CHROME REF 09,26.09.2026,4901255883,PRD2,96,1,7
1000983322,PF POIGNEE PORTE CHROME REF 09,26.09.2026,4901256001,PRD2,57,1,7
1000983322,PF POIGNEE PORTE CHROME REF 09,26.09.2026,4901256004,PRD2,96,1,7
1000983322,PF POIGNEE PORTE CHROME REF 09,26.09.2026,4901256011,PRD2,96,1,7
1000983322,PF POIGNEE PORTE CHROME REF 09,26.09.2026,4901256030,PRD2,96,1,7
1000983322,PF POIGNEE PORTE CHROME REF 09,26.09.2026,4901256034,PRD2,96,1,7
1000983322,PF POIGNEE PORTE CHROME REF 09,29.09.2026,4901256510,PRD2,96,1,4
1000983322,PF POIGNEE PORTE CHROME REF 09,29.09.2026,4901256511,PRD2,96,1,4
1000983322,PF POIGNEE PORTE CHROME REF 09,29.09.2026,4901256526,PRD2,96,1,4
1000983322,PF POIGNEE PORTE CHROME REF 09,29.09.2026,4901256569,PRD2,96,1,4
1000983322,PF POIGNEE PORTE CHROME REF 09,29.09.2026,4901256579,EMRT,384,4,4
1000983322,PF POIGNEE PORTE CHROME REF 09,30.09.2026,4901256797,EMRT,288,3,3
1000983322,PF POIGNEE PORTE CHROME REF 09,03.10.2026,4901257845,PRD2,96,1,0
1000983322,PF POIGNEE PORTE CHROME REF 09,03.10.2026,4901257889,PRD2,96,1,0
1000983322,PF POIGNEE PORTE CHROME REF 09,03.10.2026,4901257914,PRD2,96,1,0
1000983322,PF POIGNEE PORTE CHROME REF 09,03.10.2026,4901257916,PRD2,96,1,0
1000983322,PF POIGNEE PORTE CHROME REF 09,03.10.2026,4901257919,PRD2,96,1,0
1000983322,PF POIGNEE PORTE CHROME REF 09,03.10.2026,4901257926,PRD2,96,1,0
1000983322,PF POIGNEE PORTE CHROME REF 09,03.10.2026,4901257932,PRD2,76,1,0
