Article,Désignation article,UQS,Qté par palette,PRD2 qté,PRD2 palettes,EXP2 qté,EXP2 palettes,EMRT qté,EMRT palettes
1000102657,PF BAC RANGEMENT REF 23,PC,144,0,0,4913,35,2736,19
1000112046,PF ENJOLIVEUR LATERAL REF 14,PC,144,0,0,1952,14,1872,13
1000184644,PF RESERVOIR LAVE-GLACE REF 18,PC,200,0,0,3683,19,200,1
1000202814,PF CARTER PROTECTION NOIR REF 06,PC,144,0,0,4766,34,2592,18
1000207622,PF GRANULE PE NOIR BIG BAG,KG,400,1200,3,5289,14,0,0
1000216115,PF PLAQUE INSONORISANTE REF 33,PC,480,1920,4,18547,39,1440,3
1000224906,PF COUVERCLE BATTERIE REF 13,PC,144,0,0,1961,14,2448,17
1000320436,PF JOINT ETANCHEITE 60MM REF 10,PC,60,60,1,872,15,0,0
1000334130,PF PLATINE ELECTRONIQUE REF 12,PC,480,0,0,15229,32,12000,25
1000351589,PF BOITIER COMMANDE REF 31,PC,48,0,0,2308,49,96,2
1000401193,PF FAISCEAU CABLE 1M2 REF 05,PC,240,0,0,6577,28,0,0
1000429497,PF PANNEAU PORTE DROIT REF 22,PC,96,0,0,2716,29,1728,18
1000435003,PF CAPTEUR TEMPERATURE REF 17,PC,120,187,2,2315,20,2640,22
1000516512,PF SUPPORT PARE-CHOC REF 19,PC,320,320,1,3921,13,4480,14
1000541046,PF CLIP FIXATION X100 REF 30,PC,144,0,0,3744,26,0,0
1000562521,PF BRIDE SERRAGE INOX REF 16,PC,144,0,0,2220,16,1440,10
1000571497,PF CARTER NOUVELLE VERSION REF 35,PC,INCONNU,96,,1222,,0,
1000614102,PF SUPPORT FIXATION ACIER REF 03,PC,48,0,0,1195,25,96,2
1000614750,PF COQUE RETROVISEUR REF 32,PC,120,0,0,3546,30,0,0
1000626925,PF BOITIER 12V REF 01,PC,24,24,1,441,19,240,10
1000636685,PF TUYAU REFROIDISSEMENT REF 28,PC,200,0,0,1600,8,600,3
1000674421,PF GRANULE PP SAC 25KG,KG,750,0,0,28093.25,38,11250,15
1000683594,PF BOITIER SERIE SPECIALE REF 34,PC,48,0,0,48,1,0,0
1000700381,PF BOITIER FUSIBLES REF 11,PC,72,72,1,1235,18,0,0
1000715011,PF POUDRE EPOXY SAC 20KG,KG,750,0,0,12113.75,17,4500,6
1000730226,PF CAPOT MOTEUR GRIS REF 02,PC,24,24,1,589,25,576,24
1000744039,PF PATTE FIXATION REF 26,PC,480,480,1,15655,33,4800,10
1000751673,PF BOUCHON RESERVOIR REF 07,PC,200,200,1,2504,13,1400,7
1000778636,PF GRILLE AERATION BLANCHE REF 08,PC,144,0,0,5884,41,2304,16
1000812390,PF CACHE MOTEUR REF 20,PC,24,24,1,375,16,288,12
1000818461,PF CONSOLE CENTRALE REF 24,PC,36,36,1,736,21,288,8
1000866025,PF GAINE ELECTRIQUE 25MM REF 25,PC,144,144,1,1207,9,720,5
1000887507,PF COMPOUND ABS VRAC OCTABIN,KG,600,1200,2,26533,45,10200,17
1000905427,PF PANNEAU PORTE GAUCHE REF 21,PC,72,0,0,2347,33,360,5
1000910625,PF ECROU PLASTIQUE M8 REF 29,PC,72,0,0,3561,50,1584,22
1000914295,PF CONNECTEUR 4 VOIES REF 04,PC,320,320,1,6414,21,3520,11
1000921426,PF CONDUIT AIR 80MM REF 15,PC,200,0,0,5930,30,400,2
1000954340,PF FILTRE HABITACLE REF 27,PC,480,0,0,17684,37,7680,16
1000956436,PF MELANGE MAITRE BLANC SAC,KG,600,0,0,18600,31,6000,10
1000983322,PF POIGNEE PORTE CHROME REF 09,PC,96,0,0,3365,36,1728,18
