Article,Désignation article,Date déclaration,Doc.article,Qté,Palettes,Attente (jours)
1000516512,PF SUPPORT PARE-CHOC REF 19,24.09.2026,4901255337,320,1,9
1000812390,PF CACHE MOTEUR REF 20,25.09.2026,4901255583,24,1,8
1000435003,PF CAPTEUR TEMPERATURE REF 17,29.09.2026,4901256434,120,2,4
1000435003,PF CAPTEUR TEMPERATURE REF 17,29.09.2026,4901256441,67,0,4
1000914295,PF CONNECTEUR 4 VOIES REF 04,30.09.2026,4901256883,320,1,3
1000887507,PF COMPOUND ABS VRAC OCTABIN,01.10.2026,4901257171,729.25,2,2
1000887507,PF COMPOUND ABS VRAC OCTABIN,01.10.2026,4901257217,470.75,0,2
1000751673,PF BOUCHON RESERVOIR REF 07,02.10.2026,4901257394,200,1,1
1000818461,PF CONSOLE CENTRALE REF 24,02.10.2026,4901257549,36,1,1
1000571497,PF CARTER NOUVELLE VERSION REF 35,02.10.2026,4901257553,96,,1
1000216115,PF PLAQUE INSONORISANTE REF 33,03.10.2026,4901257725,127,1,0
1000730226,PF CAPOT MOTEUR GRIS REF 02,03.10.2026,4901257726,24,1,0
1000216115,PF PLAQUE INSONORISANTE REF 33,03.10.2026,4901257731,480,1,0
1000216115,PF PLAQUE INSONORISANTE REF 33,03.10.2026,4901257735,480,1,0
1000700381,PF BOITIER FUSIBLES REF 11,03.10.2026,4901257744,72,1,0
1000216115,PF PLAQUE INSONORISANTE REF 33,03.10.2026,4901257747,480,1,0
1000216115,PF PLAQUE INSONORISANTE REF 33,03.10.2026,4901257761,353,0,0
1000626925,PF BOITIER 12V REF 01,03.10.2026,4901257779,24,1,0
1000866025,PF GAINE ELECTRIQUE 25MM REF 25,03.10.2026,4901257814,144,1,0
1000744039,PF PATTE FIXATION REF 26,03.10.2026,4901257859,122,1,0
1000744039,PF PATTE FIXATION REF 26,03.10.2026,4901257880,358,0,0
1000320436,PF JOINT ETANCHEITE 60MM REF 10,03.10.2026,4901257935,60,1,0
1000207622,PF GRANULE PE NOIR BIG BAG,03.10.2026,4901257957,400,1,0
1000207622,PF GRANULE PE NOIR BIG BAG,03.10.2026,4901257960,400,1,0
1000207622,PF GRANULE PE NOIR BIG BAG,03.10.2026,4901257963,400,1,0
