ID,Type,Libellé (sketch),X (m),Y (m),Largeur (m),Profondeur (m),Colonnes,Rangées,Niveaux,Capacité (palettes),Couleur,Statut
BAT,BATIMENT,"Bâtiment EXP2 (1 600 m², 50 x 32 m supposé)",0,0,50,32,,,,,,à confirmer
B1,BLOC_STOCKAGE,Allée 26 (?),19,2.9,10.4,10.4,10,13,2,260,blanc,à confirmer
B2,BLOC_STOCKAGE,Allée 72 (?),32.9,3,4.1,10.1,4,12,2,96,crème,à confirmer
B3,BLOC_STOCKAGE,Allée 24 (?),37.1,3,4,9.9,4,12,2,96,cyan,à confirmer
B4,BLOC_STOCKAGE,Allée 36 / 72 (?),41.2,3,5,10,5,12,2,120,rose,à confirmer
B5,BLOC_STOCKAGE,Allée 26 (?),3.9,17.3,9.5,10.3,10,13,2,260,cyan,à confirmer
B6,BLOC_STOCKAGE,Allée 50 (?),16.5,16.6,3.9,7.7,4,10,2,80,vert,à confirmer
B7,BLOC_STOCKAGE,(sans libellé),20.7,14.8,9.7,9.5,10,12,2,240,blanc,à confirmer
B8,BLOC_STOCKAGE,Allée 72 (?),32.9,14.8,13.3,9.5,13,12,2,312,crème,à confirmer
ZC,ZONE_CAMION,Zone Camion,2.6,2,16.3,11.3,,,,,,à confirmer
Q01,QUAI,Quai d'expédition,4.1,13.3,1.6,0.5,,,,,,à confirmer
Q02,QUAI,Quai d'expédition,5.9,13.3,1.6,0.5,,,,,,à confirmer
Q03,QUAI,Quai d'expédition,7.7,13.3,1.6,0.5,,,,,,à confirmer
Q04,QUAI,Quai d'expédition,9.5,13.3,1.6,0.5,,,,,,à confirmer
Q05,QUAI,Quai d'expédition,11.3,13.3,1.6,0.5,,,,,,à confirmer
Q06,QUAI,Quai d'expédition,13.1,13.3,1.6,0.5,,,,,,à confirmer
Q07,QUAI,Quai d'expédition,14.9,13.3,1.6,0.5,,,,,,à confirmer
Q08,QUAI,Quai d'expédition,16.7,13.3,1.6,0.5,,,,,,à confirmer
R0,VOIE_CHARIOT,Voie chariot à sens unique (flèches),19,2.3,12,0.7,,,,,,à confirmer
R1,VOIE_CHARIOT,Voie chariot à sens unique (flèches),30.4,2.9,1.7,21.4,,,,,,à confirmer
R2,VOIE_CHARIOT,Voie chariot à sens unique (flèches),17.6,13.3,28.6,1.5,,,,,,à confirmer
R3,VOIE_CHARIOT,Voie chariot à sens unique (flèches),46.2,2.1,2.7,25.2,,,,,,à confirmer
R4,VOIE_CHARIOT,Voie chariot à sens unique (flèches),15.1,24.3,33.8,2.9,,,,,,à confirmer
G1,ZONE,G1 (?),2.3,14.4,2.1,1.5,,,,,rose,à confirmer
G2,ZONE,G2 (?),4.9,14.4,2.1,1.5,,,,,vert,à confirmer
G3,ZONE,G3 (?),7.3,14.4,2.1,1.5,,,,,vert,à confirmer
G4,ZONE,G4 (?),9.8,14.4,2.1,1.5,,,,,vert,à confirmer
GH1,ZONE,G? haut (?),31.3,1.1,2.6,1.6,,,,,vert,à confirmer
GH2,ZONE,G? haut (?),35,1.1,2.6,1.6,,,,,vert,à confirmer
ZM,ZONE,Zone M (?),2.6,27.8,2.6,2.2,,,,,,à confirmer
CONV,CONVOYEUR,Convoyeur (arrivée production ?),5.3,28.6,17.8,0.8,,,,,,à confirmer
ECH,ZONE,Zone d'échange chariot / file d'attente,1.7,30.4,26.8,1.4,,,,,,à confirmer
OUTAGV,ZONE,OUT AGV (?),24.1,28,2,2,,,,,,à confirmer
CHAGV,ZONE,Charge AGV,26.1,28,1.8,2,,,,,,à confirmer
EMB,ZONE,Stock emballages vides,27.9,28,1.8,2,,,,,,à confirmer
CART,ZONE,Stockage carton PF (?),29.8,28,2.6,2,,,,,,à confirmer
BUR,BUREAU,Zone bureau,32.5,28,6.6,2,,,,,,à confirmer
ZX,ZONE,Zone (?),39.6,28,6.3,2,,,,,,à confirmer
