Article,Division,Magasin,MvT,Texte code mvt,S,Doc.article,Date cpt.,Qté en UQS,UQS,Désignation article,Nom utilisateur
1000914295,TA11,PRD2,101,EM entrée en stock,,4901254396,21.09.2026,320,PC,PF CONNECTEUR 4 VOIES REF 04,BARFLOW_TA11
1000914295,TA11,PRD2,101,EM entrée en stock,,4901254399,21.09.2026,320,PC,PF CONNECTEUR 4 VOIES REF 04,BARFLOW_TA11
1000914295,TA11,PRD2,101,EM entrée en stock,,4901254409,21.09.2026,320,PC,PF CONNECTEUR 4 VOIES REF 04,BARFLOW_TA11
1000914295,TA11,PRD2,101,EM entrée en stock,,4901254416,21.09.2026,320,PC,PF CONNECTEUR 4 VOIES REF 04,BARFLOW_TA11
1000914295,TA11,PRD2,101,EM entrée en stock,,4901254417,21.09.2026,320,PC,PF CONNECTEUR 4 VOIES REF 04,BARFLOW_TA11
1000914295,TA11,PRD2,101,EM entrée en stock,,4901254420,21.09.2026,320,PC,PF CONNECTEUR 4 VOIES REF 04,BARFLOW_TA11
1000914295,TA11,PRD2,101,EM entrée en stock,,4901254424,21.09.2026,320,PC,PF CONNECTEUR 4 VOIES REF 04,BARFLOW_TA11
1000914295,TA11,PRD2,101,EM entrée en stock,,4901254425,21.09.2026,320,PC,PF CONNECTEUR 4 VOIES REF 04,BARFLOW_TA11
1000429497,TA11,PRD2,101,EM entrée en stock,,4901254436,21.09.2026,96,PC,PF PANNEAU PORTE DROIT REF 22,BARFLOW_TA11
1000429497,TA11,PRD2,101,EM entrée en stock,,4901254442,21.09.2026,192,PC,PF PANNEAU PORTE DROIT REF 22,PLANIF01
1000778636,TA11,PRD2,101,EM entrée en stock,,4901254445,21.09.2026,144,PC,PF GRILLE AERATION BLANCHE REF 08,BARFLOW_TA11
1000778636,TA11,PRD2,101,EM entrée en stock,,4901254447,21.09.2026,144,PC,PF GRILLE AERATION BLANCHE REF 08,BARFLOW_TA11
1000429497,TA11,PRD2,101,EM entrée en stock,,4901254448,21.09.2026,96,PC,PF PANNEAU PORTE DROIT REF 22,BARFLOW_TA11
1000778636,TA11,PRD2,101,EM entrée en stock,,4901254450,21.09.2026,144,PC,PF GRILLE AERATION BLANCHE REF 08,BARFLOW_TA11
1000778636,TA11,PRD2,101,EM entrée en stock,,4901254452,21.09.2026,144,PC,PF GRILLE AERATION BLANCHE REF 08,BARFLOW_TA11
1000202814,TA11,PRD2,101,EM entrée en stock,,4901254453,21.09.2026,144,PC,PF CARTER PROTECTION NOIR REF 06,PLANIF01
1000429497,TA11,PRD2,101,EM entrée en stock,,4901254459,21.09.2026,96,PC,PF PANNEAU PORTE DROIT REF 22,PLANIF01
1000778636,TA11,PRD2,101,EM entrée en stock,,4901254462,21.09.2026,144,PC,PF GRILLE AERATION BLANCHE REF 08,BARFLOW_TA11
1000224906,TA11,PRD2,101,EM entrée en stock,,4901254466,21.09.2026,144,PC,PF COUVERCLE BATTERIE REF 13,BARFLOW_TA11
1000778636,TA11,PRD2,101,EM entrée en stock,,4901254470,21.09.2026,144,PC,PF GRILLE AERATION BLANCHE REF 08,BARFLOW_TA11
1000429497,TA11,PRD2,101,EM entrée en stock,,4901254473,21.09.2026,96,PC,PF PANNEAU PORTE DROIT REF 22,BARFLOW_TA11
1000778636,TA11,PRD2,101,EM entrée en stock,,4901254475,21.09.2026,108,PC,PF GRILLE AERATION BLANCHE REF 08,BARFLOW_TA11
1000202814,TA11,PRD2,101,EM entrée en stock,,4901254478,21.09.2026,144,PC,PF CARTER PROTECTION NOIR REF 06,PLANIF01
1000224906,TA11,PRD2,101,EM entrée en stock,,4901254480,21.09.2026,144,PC,PF COUVERCLE BATTERIE REF 13,BARFLOW_TA11
1000429497,TA11,PRD2,101,EM entrée en stock,,4901254486,21.09.2026,96,PC,PF PANNEAU PORTE DROIT REF 22,BARFLOW_TA11
1000202814,TA11,PRD2,101,EM entrée en stock,,4901254489,21.09.2026,144,PC,PF CARTER PROTECTION NOIR REF 06,BARFLOW_TA11
1000818461,TA11,PRD2,101,EM entrée en stock,,4901254492,21.09.2026,36,PC,PF CONSOLE CENTRALE REF 24,BARFLOW_TA11
1000224906,TA11,PRD2,101,EM entrée en stock,,4901254495,21.09.2026,144,PC,PF COUVERCLE BATTERIE REF 13,BARFLOW_TA11
1000429497,TA11,PRD2,101,EM entrée en stock,,4901254499,21.09.2026,96,PC,PF PANNEAU PORTE DROIT REF 22,BARFLOW_TA11
1000818461,TA11,PRD2,101,EM entrée en stock,,4901254504,21.09.2026,36,PC,PF CONSOLE CENTRALE REF 24,BARFLOW_TA11
1000202814,TA11,PRD2,101,EM entrée en stock,,4901254505,21.09.2026,144,PC,PF CARTER PROTECTION NOIR REF 06,BARFLOW_TA11
1000429497,TA11,PRD2,101,EM entrée en stock,,4901254508,21.09.2026,96,PC,PF PANNEAU PORTE DROIT REF 22,BARFLOW_TA11
1000224906,TA11,PRD2,101,EM entrée en stock,,4901254509,21.09.2026,144,PC,PF COUVERCLE BATTERIE REF 13,BARFLOW_TA11
1000818461,TA11,PRD2,101,EM entrée en stock,,4901254515,21.09.2026,72,PC,PF CONSOLE CENTRALE REF 24,PLANIF01
1000202814,TA11,PRD2,101,EM entrée en stock,,4901254517,21.09.2026,432,PC,PF CARTER PROTECTION NOIR REF 06,PLANIF01
1000429497,TA11,PRD2,101,EM entrée en stock,,4901254519,21.09.2026,96,PC,PF PANNEAU PORTE DROIT REF 22,BARFLOW_TA11
1000224906,TA11,PRD2,101,EM entrée en stock,,4901254522,21.09.2026,144,PC,PF COUVERCLE BATTERIE REF 13,BARFLOW_TA11
1000224906,TA11,PRD2,101,EM entrée en stock,,4901254534,21.09.2026,93,PC,PF COUVERCLE BATTERIE REF 13,BARFLOW_TA11
1000700381,TA11,PRD2,101,EM entrée en stock,,4901254562,21.09.2026,72,PC,PF BOITIER FUSIBLES REF 11,PLANIF01
1000700381,TA11,PRD2,101,EM entrée en stock,,4901254575,21.09.2026,72,PC,PF BOITIER FUSIBLES REF 11,BARFLOW_TA11
1000700381,TA11,PRD2,101,EM entrée en stock,,4901254582,21.09.2026,144,PC,PF BOITIER FUSIBLES REF 11,PLANIF01
1000334130,TA11,PRD2,101,EM entrée en stock,,4901254589,21.09.2026,480,PC,PF PLATINE ELECTRONIQUE REF 12,BARFLOW_TA11
1000334130,TA11,PRD2,101,EM entrée en stock,,4901254593,21.09.2026,480,PC,PF PLATINE ELECTRONIQUE REF 12,BARFLOW_TA11
1000700381,TA11,PRD2,101,EM entrée en stock,,4901254595,21.09.2026,72,PC,PF BOITIER FUSIBLES REF 11,BARFLOW_TA11
1000334130,TA11,PRD2,101,EM entrée en stock,,4901254599,21.09.2026,480,PC,PF PLATINE ELECTRONIQUE REF 12,BARFLOW_TA11
1000910625,TA11,PRD2,101,EM entrée en stock,,4901254602,21.09.2026,72,PC,PF ECROU PLASTIQUE M8 REF 29,BARFLOW_TA11
1000334130,TA11,PRD2,101,EM entrée en stock,,4901254603,21.09.2026,480,PC,PF PLATINE ELECTRONIQUE REF 12,BARFLOW_TA11
1000700381,TA11,PRD2,101,EM entrée en stock,,4901254605,21.09.2026,72,PC,PF BOITIER FUSIBLES REF 11,BARFLOW_TA11
1000334130,TA11,PRD2,101,EM entrée en stock,,4901254608,21.09.2026,480,PC,PF PLATINE ELECTRONIQUE REF 12,BARFLOW_TA11
1000910625,TA11,PRD2,101,EM entrée en stock,,4901254610,21.09.2026,72,PC,PF ECROU PLASTIQUE M8 REF 29,BARFLOW_TA11
1000334130,TA11,PRD2,101,EM entrée en stock,,4901254611,21.09.2026,480,PC,PF PLATINE ELECTRONIQUE REF 12,BARFLOW_TA11
1000910625,TA11,PRD2,101,EM entrée en stock,,4901254613,21.09.2026,72,PC,PF ECROU PLASTIQUE M8 REF 29,BARFLOW_TA11
1000334130,TA11,PRD2,101,EM entrée en stock,,4901254616,21.09.2026,480,PC,PF PLATINE ELECTRONIQUE REF 12,BARFLOW_TA11
1000910625,TA11,PRD2,101,EM entrée en stock,,4901254622,21.09.2026,72,PC,PF ECROU PLASTIQUE M8 REF 29,BARFLOW_TA11
1000334130,TA11,PRD2,101,EM entrée en stock,,4901254629,21.09.2026,480,PC,PF PLATINE ELECTRONIQUE REF 12,BARFLOW_TA11
1000334130,TA11,PRD2,101,EM entrée en stock,,4901254632,21.09.2026,480,PC,PF PLATINE ELECTRONIQUE REF 12,BARFLOW_TA11
1000910625,TA11,PRD2,101,EM entrée en stock,,4901254635,21.09.2026,72,PC,PF ECROU PLASTIQUE M8 REF 29,BARFLOW_TA11
1000334130,TA11,PRD2,101,EM entrée en stock,,4901254642,21.09.2026,960,PC,PF PLATINE ELECTRONIQUE REF 12,PLANIF01
1000910625,TA11,PRD2,101,EM entrée en stock,,4901254644,21.09.2026,72,PC,PF ECROU PLASTIQUE M8 REF 29,BARFLOW_TA11
1000905427,TA11,PRD2,101,EM entrée en stock,,4901254673,21.09.2026,72,PC,PF PANNEAU PORTE GAUCHE REF 21,BARFLOW_TA11
1000905427,TA11,PRD2,101,EM entrée en stock,,4901254674,21.09.2026,72,PC,PF PANNEAU PORTE GAUCHE REF 21,BARFLOW_TA11
1000905427,TA11,PRD2,101,EM entrée en stock,,4901254679,21.09.2026,72,PC,PF PANNEAU PORTE GAUCHE REF 21,BARFLOW_TA11
1000905427,TA11,PRD2,101,EM entrée en stock,,4901254685,21.09.2026,216,PC,PF PANNEAU PORTE GAUCHE REF 21,PLANIF01
1000715011,TA11,PRD2,101,EM entrée en stock,,4901254686,21.09.2026,750,KG,PF POUDRE EPOXY SAC 20KG,PLANIF01
1000715011,TA11,PRD2,101,EM entrée en stock,,4901254689,21.09.2026,1500,KG,PF POUDRE EPOXY SAC 20KG,PLANIF01
1000541046,TA11,PRD2,101,EM entrée en stock,,4901254703,22.09.2026,144,PC,PF CLIP FIXATION X100 REF 30,BARFLOW_TA11
1000202814,TA11,PRD2,101,EM entrée en stock,,4901254704,22.09.2026,144,PC,PF CARTER PROTECTION NOIR REF 06,BARFLOW_TA11
1000202814,TA11,PRD2,101,EM entrée en stock,,4901254707,22.09.2026,144,PC,PF CARTER PROTECTION NOIR REF 06,BARFLOW_TA11
1000541046,TA11,PRD2,101,EM entrée en stock,,4901254710,22.09.2026,144,PC,PF CLIP FIXATION X100 REF 30,BARFLOW_TA11
1000202814,TA11,PRD2,101,EM entrée en stock,,4901254711,22.09.2026,144,PC,PF CARTER PROTECTION NOIR REF 06,BARFLOW_TA11
1000541046,TA11,PRD2,101,EM entrée en stock,,4901254718,22.09.2026,144,PC,PF CLIP FIXATION X100 REF 30,BARFLOW_TA11
1000202814,TA11,PRD2,101,EM entrée en stock,,4901254719,22.09.2026,144,PC,PF CARTER PROTECTION NOIR REF 06,BARFLOW_TA11
1000202814,TA11,PRD2,101,EM entrée en stock,,4901254720,22.09.2026,144,PC,PF CARTER PROTECTION NOIR REF 06,BARFLOW_TA11
1000541046,TA11,PRD2,101,EM entrée en stock,,4901254722,22.09.2026,144,PC,PF CLIP FIXATION X100 REF 30,BARFLOW_TA11
1000202814,TA11,PRD2,101,EM entrée en stock,,4901254725,22.09.2026,144,PC,PF CARTER PROTECTION NOIR REF 06,BARFLOW_TA11
1000541046,TA11,PRD2,101,EM entrée en stock,,4901254727,22.09.2026,144,PC,PF CLIP FIXATION X100 REF 30,BARFLOW_TA11
1000541046,TA11,PRD2,101,EM entrée en stock,,4901254731,22.09.2026,144,PC,PF CLIP FIXATION X100 REF 30,BARFLOW_TA11
1000866025,TA11,PRD2,101,EM entrée en stock,,4901254735,22.09.2026,144,PC,PF GAINE ELECTRIQUE 25MM REF 25,PLANIF01
1000541046,TA11,PRD2,101,EM entrée en stock,,4901254737,22.09.2026,144,PC,PF CLIP FIXATION X100 REF 30,BARFLOW_TA11
1000866025,TA11,PRD2,101,EM entrée en stock,,4901254740,22.09.2026,144,PC,PF GAINE ELECTRIQUE 25MM REF 25,BARFLOW_TA11
1000866025,TA11,PRD2,101,EM entrée en stock,,4901254745,22.09.2026,144,PC,PF GAINE ELECTRIQUE 25MM REF 25,BARFLOW_TA11
1000541046,TA11,PRD2,101,EM entrée en stock,,4901254748,22.09.2026,144,PC,PF CLIP FIXATION X100 REF 30,BARFLOW_TA11
1000112046,TA11,PRD2,101,EM entrée en stock,,4901254791,22.09.2026,144,PC,PF ENJOLIVEUR LATERAL REF 14,BARFLOW_TA11
1000112046,TA11,PRD2,101,EM entrée en stock,,4901254792,22.09.2026,144,PC,PF ENJOLIVEUR LATERAL REF 14,BARFLOW_TA11
1000112046,TA11,PRD2,101,EM entrée en stock,,4901254798,22.09.2026,144,PC,PF ENJOLIVEUR LATERAL REF 14,BARFLOW_TA11
1000112046,TA11,PRD2,101,EM entrée en stock,,4901254799,22.09.2026,144,PC,PF ENJOLIVEUR LATERAL REF 14,BARFLOW_TA11
1000112046,TA11,PRD2,101,EM entrée en stock,,4901254807,22.09.2026,144,PC,PF ENJOLIVEUR LATERAL REF 14,BARFLOW_TA11
1000112046,TA11,PRD2,101,EM entrée en stock,,4901254811,22.09.2026,144,PC,PF ENJOLIVEUR LATERAL REF 14,BARFLOW_TA11
1000516512,TA11,PRD2,101,EM entrée en stock,,4901254812,22.09.2026,640,PC,PF SUPPORT PARE-CHOC REF 19,PLANIF01
1000112046,TA11,PRD2,101,EM entrée en stock,,4901254814,22.09.2026,144,PC,PF ENJOLIVEUR LATERAL REF 14,BARFLOW_TA11
1000516512,TA11,PRD2,101,EM entrée en stock,,4901254816,22.09.2026,320,PC,PF SUPPORT PARE-CHOC REF 19,BARFLOW_TA11
1000516512,TA11,PRD2,101,EM entrée en stock,,4901254818,22.09.2026,320,PC,PF SUPPORT PARE-CHOC REF 19,BARFLOW_TA11
1000516512,TA11,PRD2,101,EM entrée en stock,,4901254820,22.09.2026,320,PC,PF SUPPORT PARE-CHOC REF 19,BARFLOW_TA11
1000887507,TA11,PRD2,101,EM entrée en stock,,4901254823,22.09.2026,600,KG,PF COMPOUND ABS VRAC OCTABIN,BARFLOW_TA11
1000887507,TA11,PRD2,101,EM entrée en stock,,4901254831,22.09.2026,600,KG,PF COMPOUND ABS VRAC OCTABIN,BARFLOW_TA11
1000887507,TA11,PRD2,101,EM entrée en stock,,4901254833,22.09.2026,600,KG,PF COMPOUND ABS VRAC OCTABIN,BARFLOW_TA11
1000887507,TA11,PRD2,101,EM entrée en stock,,4901254835,22.09.2026,600,KG,PF COMPOUND ABS VRAC OCTABIN,BARFLOW_TA11
1000910625,TA11,PRD2,101,EM entrée en stock,,4901254838,22.09.2026,72,PC,PF ECROU PLASTIQUE M8 REF 29,BARFLOW_TA11
1000887507,TA11,PRD2,101,EM entrée en stock,,4901254841,22.09.2026,600,KG,PF COMPOUND ABS VRAC OCTABIN,BARFLOW_TA11
1000887507,TA11,PRD2,101,EM entrée en stock,,4901254843,22.09.2026,600,KG,PF COMPOUND ABS VRAC OCTABIN,BARFLOW_TA11
1000910625,TA11,PRD2,101,EM entrée en stock,,4901254844,22.09.2026,72,PC,PF ECROU PLASTIQUE M8 REF 29,BARFLOW_TA11
1000887507,TA11,PRD2,101,EM entrée en stock,,4901254847,22.09.2026,600,KG,PF COMPOUND ABS VRAC OCTABIN,BARFLOW_TA11
1000910625,TA11,PRD2,101,EM entrée en stock,,4901254853,22.09.2026,72,PC,PF ECROU PLASTIQUE M8 REF 29,BARFLOW_TA11
1000910625,TA11,PRD2,101,EM entrée en stock,,4901254857,22.09.2026,72,PC,PF ECROU PLASTIQUE M8 REF 29,BARFLOW_TA11
1000910625,TA11,PRD2,101,EM entrée en stock,,4901254862,22.09.2026,72,PC,PF ECROU PLASTIQUE M8 REF 29,BARFLOW_TA11
1000910625,TA11,PRD2,101,EM entrée en stock,,4901254873,22.09.2026,72,PC,PF ECROU PLASTIQUE M8 REF 29,BARFLOW_TA11
1000910625,TA11,PRD2,101,EM entrée en stock,,4901254878,22.09.2026,72,PC,PF ECROU PLASTIQUE M8 REF 29,BARFLOW_TA11
1000910625,TA11,PRD2,101,EM entrée en stock,,4901254880,22.09.2026,72,PC,PF ECROU PLASTIQUE M8 REF 29,BARFLOW_TA11
1000910625,TA11,PRD2,101,EM entrée en stock,,4901254881,22.09.2026,72,PC,PF ECROU PLASTIQUE M8 REF 29,BARFLOW_TA11
1000910625,TA11,PRD2,101,EM entrée en stock,,4901254887,22.09.2026,72,PC,PF ECROU PLASTIQUE M8 REF 29,BARFLOW_TA11
1000216115,TA11,PRD2,101,EM entrée en stock,,4901254897,22.09.2026,480,PC,PF PLAQUE INSONORISANTE REF 33,BARFLOW_TA11
1000751673,TA11,PRD2,101,EM entrée en stock,,4901254899,22.09.2026,200,PC,PF BOUCHON RESERVOIR REF 07,BARFLOW_TA11
1000730226,TA11,PRD2,101,EM entrée en stock,,4901254902,22.09.2026,24,PC,PF CAPOT MOTEUR GRIS REF 02,BARFLOW_TA11
1000216115,TA11,PRD2,101,EM entrée en stock,,4901254905,22.09.2026,480,PC,PF PLAQUE INSONORISANTE REF 33,BARFLOW_TA11
1000751673,TA11,PRD2,101,EM entrée en stock,,4901254906,22.09.2026,200,PC,PF BOUCHON RESERVOIR REF 07,BARFLOW_TA11
1000730226,TA11,PRD2,101,EM entrée en stock,,4901254909,22.09.2026,24,PC,PF CAPOT MOTEUR GRIS REF 02,BARFLOW_TA11
1000751673,TA11,PRD2,101,EM entrée en stock,,4901254911,22.09.2026,200,PC,PF BOUCHON RESERVOIR REF 07,BARFLOW_TA11
1000216115,TA11,PRD2,101,EM entrée en stock,,4901254917,22.09.2026,480,PC,PF PLAQUE INSONORISANTE REF 33,BARFLOW_TA11
1000730226,TA11,PRD2,101,EM entrée en stock,,4901254919,22.09.2026,72,PC,PF CAPOT MOTEUR GRIS REF 02,PLANIF01
1000216115,TA11,PRD2,101,EM entrée en stock,,4901254920,22.09.2026,480,PC,PF PLAQUE INSONORISANTE REF 33,BARFLOW_TA11
1000216115,TA11,PRD2,101,EM entrée en stock,,4901254924,22.09.2026,960,PC,PF PLAQUE INSONORISANTE REF 33,PLANIF01
1000730226,TA11,PRD2,101,EM entrée en stock,,4901254930,22.09.2026,48,PC,PF CAPOT MOTEUR GRIS REF 02,PLANIF01
1000216115,TA11,PRD2,101,EM entrée en stock,,4901254934,22.09.2026,480,PC,PF PLAQUE INSONORISANTE REF 33,BARFLOW_TA11
1000700381,TA11,PRD2,101,EM entrée en stock,,4901254945,22.09.2026,72,PC,PF BOITIER FUSIBLES REF 11,BARFLOW_TA11
1000700381,TA11,PRD2,101,EM entrée en stock,,4901254947,22.09.2026,72,PC,PF BOITIER FUSIBLES REF 11,BARFLOW_TA11
1000614102,TA11,PRD2,101,EM entrée en stock,,4901254949,22.09.2026,48,PC,PF SUPPORT FIXATION ACIER REF 03,BARFLOW_TA11
1000700381,TA11,PRD2,101,EM entrée en stock,,4901254950,22.09.2026,72,PC,PF BOITIER FUSIBLES REF 11,BARFLOW_TA11
1000614102,TA11,PRD2,101,EM entrée en stock,,4901254958,22.09.2026,48,PC,PF SUPPORT FIXATION ACIER REF 03,BARFLOW_TA11
1000700381,TA11,PRD2,101,EM entrée en stock,,4901254960,22.09.2026,72,PC,PF BOITIER FUSIBLES REF 11,BARFLOW_TA11
1000614102,TA11,PRD2,101,EM entrée en stock,,4901254965,22.09.2026,48,PC,PF SUPPORT FIXATION ACIER REF 03,PLANIF01
1000614102,TA11,PRD2,101,EM entrée en stock,,4901254972,22.09.2026,48,PC,PF SUPPORT FIXATION ACIER REF 03,BARFLOW_TA11
1000614102,TA11,PRD2,101,EM entrée en stock,,4901254981,22.09.2026,48,PC,PF SUPPORT FIXATION ACIER REF 03,BARFLOW_TA11
1000207622,TA11,PRD2,101,EM entrée en stock,,4901255013,23.09.2026,400,KG,PF GRANULE PE NOIR BIG BAG,BARFLOW_TA11
1000207622,TA11,PRD2,101,EM entrée en stock,,4901255016,23.09.2026,400,KG,PF GRANULE PE NOIR BIG BAG,BARFLOW_TA11
1000207622,TA11,PRD2,101,EM entrée en stock,,4901255026,23.09.2026,400,KG,PF GRANULE PE NOIR BIG BAG,BARFLOW_TA11
1000207622,TA11,PRD2,101,EM entrée en stock,,4901255027,23.09.2026,400,KG,PF GRANULE PE NOIR BIG BAG,BARFLOW_TA11
1000956436,TA11,PRD2,101,EM entrée en stock,,4901255029,23.09.2026,600,KG,PF MELANGE MAITRE BLANC SAC,BARFLOW_TA11
1000207622,TA11,PRD2,101,EM entrée en stock,,4901255030,23.09.2026,400,KG,PF GRANULE PE NOIR BIG BAG,BARFLOW_TA11
1000320436,TA11,PRD2,101,EM entrée en stock,,4901255033,23.09.2026,60,PC,PF JOINT ETANCHEITE 60MM REF 10,BARFLOW_TA11
1000956436,TA11,PRD2,101,EM entrée en stock,,4901255034,23.09.2026,600,KG,PF MELANGE MAITRE BLANC SAC,BARFLOW_TA11
1000207622,TA11,PRD2,101,EM entrée en stock,,4901255037,23.09.2026,400,KG,PF GRANULE PE NOIR BIG BAG,BARFLOW_TA11
1000956436,TA11,PRD2,101,EM entrée en stock,,4901255038,23.09.2026,600,KG,PF MELANGE MAITRE BLANC SAC,BARFLOW_TA11
1000320436,TA11,PRD2,101,EM entrée en stock,,4901255040,23.09.2026,60,PC,PF JOINT ETANCHEITE 60MM REF 10,BARFLOW_TA11
1000207622,TA11,PRD2,101,EM entrée en stock,,4901255043,23.09.2026,400,KG,PF GRANULE PE NOIR BIG BAG,PLANIF01
1000956436,TA11,PRD2,101,EM entrée en stock,,4901255044,23.09.2026,600,KG,PF MELANGE MAITRE BLANC SAC,BARFLOW_TA11
1000207622,TA11,PRD2,101,EM entrée en stock,,4901255054,23.09.2026,400,KG,PF GRANULE PE NOIR BIG BAG,BARFLOW_TA11
1000320436,TA11,PRD2,101,EM entrée en stock,,4901255057,23.09.2026,60,PC,PF JOINT ETANCHEITE 60MM REF 10,BARFLOW_TA11
1000956436,TA11,PRD2,101,EM entrée en stock,,4901255059,23.09.2026,600,KG,PF MELANGE MAITRE BLANC SAC,BARFLOW_TA11
1000956436,TA11,PRD2,101,EM entrée en stock,,4901255066,23.09.2026,1800,KG,PF MELANGE MAITRE BLANC SAC,PLANIF01
1000320436,TA11,PRD2,101,EM entrée en stock,,4901255068,23.09.2026,60,PC,PF JOINT ETANCHEITE 60MM REF 10,BARFLOW_TA11
1000320436,TA11,PRD2,101,EM entrée en stock,,4901255072,23.09.2026,60,PC,PF JOINT ETANCHEITE 60MM REF 10,BARFLOW_TA11
1000320436,TA11,PRD2,101,EM entrée en stock,,4901255078,23.09.2026,60,PC,PF JOINT ETANCHEITE 60MM REF 10,BARFLOW_TA11
1000202814,TA11,PRD2,101,EM entrée en stock,,4901255089,23.09.2026,144,PC,PF CARTER PROTECTION NOIR REF 06,BARFLOW_TA11
1000202814,TA11,PRD2,101,EM entrée en stock,,4901255092,23.09.2026,144,PC,PF CARTER PROTECTION NOIR REF 06,BARFLOW_TA11
1000202814,TA11,PRD2,101,EM entrée en stock,,4901255094,23.09.2026,144,PC,PF CARTER PROTECTION NOIR REF 06,BARFLOW_TA11
1000202814,TA11,PRD2,101,EM entrée en stock,,4901255096,23.09.2026,144,PC,PF CARTER PROTECTION NOIR REF 06,BARFLOW_TA11
1000730226,TA11,PRD2,101,EM entrée en stock,,4901255098,23.09.2026,24,PC,PF CAPOT MOTEUR GRIS REF 02,BARFLOW_TA11
1000202814,TA11,PRD2,101,EM entrée en stock,,4901255101,23.09.2026,144,PC,PF CARTER PROTECTION NOIR REF 06,BARFLOW_TA11
1000730226,TA11,PRD2,101,EM entrée en stock,,4901255104,23.09.2026,24,PC,PF CAPOT MOTEUR GRIS REF 02,BARFLOW_TA11
1000202814,TA11,PRD2,101,EM entrée en stock,,4901255105,23.09.2026,144,PC,PF CARTER PROTECTION NOIR REF 06,BARFLOW_TA11
1000730226,TA11,PRD2,101,EM entrée en stock,,4901255106,23.09.2026,24,PC,PF CAPOT MOTEUR GRIS REF 02,BARFLOW_TA11
1000730226,TA11,PRD2,101,EM entrée en stock,,4901255109,23.09.2026,24,PC,PF CAPOT MOTEUR GRIS REF 02,BARFLOW_TA11
1000202814,TA11,PRD2,101,EM entrée en stock,,4901255110,23.09.2026,144,PC,PF CARTER PROTECTION NOIR REF 06,BARFLOW_TA11
1000730226,TA11,PRD2,101,EM entrée en stock,,4901255113,23.09.2026,24,PC,PF CAPOT MOTEUR GRIS REF 02,BARFLOW_TA11
1000435003,TA11,PRD2,101,EM entrée en stock,,4901255114,23.09.2026,120,PC,PF CAPTEUR TEMPERATURE REF 17,PLANIF01
1000202814,TA11,PRD2,101,EM entrée en stock,,4901255116,23.09.2026,144,PC,PF CARTER PROTECTION NOIR REF 06,BARFLOW_TA11
1000202814,TA11,PRD2,101,EM entrée en stock,,4901255121,23.09.2026,144,PC,PF CARTER PROTECTION NOIR REF 06,PLANIF01
1000435003,TA11,PRD2,101,EM entrée en stock,,4901255125,23.09.2026,120,PC,PF CAPTEUR TEMPERATURE REF 17,BARFLOW_TA11
1000435003,TA11,PRD2,101,EM entrée en stock,,4901255132,23.09.2026,120,PC,PF CAPTEUR TEMPERATURE REF 17,BARFLOW_TA11
1000435003,TA11,PRD2,101,EM entrée en stock,,4901255140,23.09.2026,240,PC,PF CAPTEUR TEMPERATURE REF 17,PLANIF01
1000435003,TA11,PRD2,101,EM entrée en stock,,4901255151,23.09.2026,120,PC,PF CAPTEUR TEMPERATURE REF 17,BARFLOW_TA11
1000435003,TA11,PRD2,101,EM entrée en stock,,4901255160,23.09.2026,480,PC,PF CAPTEUR TEMPERATURE REF 17,PLANIF01
1000983322,TA11,PRD2,101,EM entrée en stock,,4901255162,23.09.2026,96,PC,PF POIGNEE PORTE CHROME REF 09,BARFLOW_TA11
1000983322,TA11,PRD2,101,EM entrée en stock,,4901255169,23.09.2026,96,PC,PF POIGNEE PORTE CHROME REF 09,BARFLOW_TA11
1000983322,TA11,PRD2,101,EM entrée en stock,,4901255173,23.09.2026,96,PC,PF POIGNEE PORTE CHROME REF 09,BARFLOW_TA11
1000983322,TA11,PRD2,101,EM entrée en stock,,4901255177,23.09.2026,96,PC,PF POIGNEE PORTE CHROME REF 09,BARFLOW_TA11
1000983322,TA11,PRD2,101,EM entrée en stock,,4901255180,23.09.2026,384,PC,PF POIGNEE PORTE CHROME REF 09,PLANIF01
1000351589,TA11,PRD2,101,EM entrée en stock,,4901255199,23.09.2026,48,PC,PF BOITIER COMMANDE REF 31,BARFLOW_TA11
1000351589,TA11,PRD2,101,EM entrée en stock,,4901255208,23.09.2026,48,PC,PF BOITIER COMMANDE REF 31,PLANIF01
1000351589,TA11,PRD2,101,EM entrée en stock,,4901255218,23.09.2026,48,PC,PF BOITIER COMMANDE REF 31,BARFLOW_TA11
1000351589,TA11,PRD2,101,EM entrée en stock,,4901255221,23.09.2026,48,PC,PF BOITIER COMMANDE REF 31,BARFLOW_TA11
1000351589,TA11,PRD2,101,EM entrée en stock,,4901255225,23.09.2026,144,PC,PF BOITIER COMMANDE REF 31,PLANIF01
1000351589,TA11,PRD2,101,EM entrée en stock,,4901255234,23.09.2026,144,PC,PF BOITIER COMMANDE REF 31,PLANIF01
1000614750,TA11,PRD2,101,EM entrée en stock,,4901255238,23.09.2026,120,PC,PF COQUE RETROVISEUR REF 32,BARFLOW_TA11
1000614750,TA11,PRD2,102,EM entrée stock ann.,,4901255240,23.09.2026,-120,PC,PF COQUE RETROVISEUR REF 32,PLANIF01
1000614750,TA11,PRD2,101,EM entrée en stock,,4901255242,23.09.2026,120,PC,PF COQUE RETROVISEUR REF 32,BARFLOW_TA11
1000614750,TA11,PRD2,101,EM entrée en stock,,4901255248,23.09.2026,120,PC,PF COQUE RETROVISEUR REF 32,PLANIF01
1000614750,TA11,PRD2,101,EM entrée en stock,,4901255250,23.09.2026,240,PC,PF COQUE RETROVISEUR REF 32,PLANIF01
1000674421,TA11,PRD2,101,EM entrée en stock,,4901255279,24.09.2026,750,KG,PF GRANULE PP SAC 25KG,BARFLOW_TA11
1000674421,TA11,PRD2,101,EM entrée en stock,,4901255282,24.09.2026,750,KG,PF GRANULE PP SAC 25KG,BARFLOW_TA11
1000674421,TA11,PRD2,101,EM entrée en stock,,4901255285,24.09.2026,750,KG,PF GRANULE PP SAC 25KG,BARFLOW_TA11
1000674421,TA11,PRD2,101,EM entrée en stock,,4901255288,24.09.2026,750,KG,PF GRANULE PP SAC 25KG,BARFLOW_TA11
1000674421,TA11,PRD2,101,EM entrée en stock,,4901255289,24.09.2026,750,KG,PF GRANULE PP SAC 25KG,BARFLOW_TA11
1000674421,TA11,PRD2,101,EM entrée en stock,,4901255300,24.09.2026,750,KG,PF GRANULE PP SAC 25KG,BARFLOW_TA11
1000715011,TA11,PRD2,101,EM entrée en stock,,4901255301,24.09.2026,750,KG,PF POUDRE EPOXY SAC 20KG,BARFLOW_TA11
1000674421,TA11,PRD2,101,EM entrée en stock,,4901255304,24.09.2026,750,KG,PF GRANULE PP SAC 25KG,BARFLOW_TA11
1000715011,TA11,PRD2,101,EM entrée en stock,,4901255311,24.09.2026,750,KG,PF POUDRE EPOXY SAC 20KG,BARFLOW_TA11
1000674421,TA11,PRD2,101,EM entrée en stock,,4901255313,24.09.2026,750,KG,PF GRANULE PP SAC 25KG,BARFLOW_TA11
1000516512,TA11,PRD2,101,EM entrée en stock,,4901255315,24.09.2026,320,PC,PF SUPPORT PARE-CHOC REF 19,BARFLOW_TA11
1000715011,TA11,PRD2,101,EM entrée en stock,,4901255320,24.09.2026,480.5,KG,PF POUDRE EPOXY SAC 20KG,BARFLOW_TA11
1000516512,TA11,PRD2,101,EM entrée en stock,,4901255321,24.09.2026,320,PC,PF SUPPORT PARE-CHOC REF 19,BARFLOW_TA11
1000516512,TA11,PRD2,101,EM entrée en stock,,4901255323,24.09.2026,320,PC,PF SUPPORT PARE-CHOC REF 19,BARFLOW_TA11
1000516512,TA11,PRD2,101,EM entrée en stock,,4901255325,24.09.2026,320,PC,PF SUPPORT PARE-CHOC REF 19,BARFLOW_TA11
1000516512,TA11,PRD2,101,EM entrée en stock,,4901255334,24.09.2026,320,PC,PF SUPPORT PARE-CHOC REF 19,BARFLOW_TA11
1000516512,TA11,PRD2,101,EM entrée en stock,,4901255337,24.09.2026,320,PC,PF SUPPORT PARE-CHOC REF 19,BARFLOW_TA11
1000102657,TA11,PRD2,101,EM entrée en stock,,4901255362,24.09.2026,144,PC,PF BAC RANGEMENT REF 23,PLANIF01
1000102657,TA11,PRD2,101,EM entrée en stock,,4901255365,24.09.2026,144,PC,PF BAC RANGEMENT REF 23,BARFLOW_TA11
1000102657,TA11,PRD2,101,EM entrée en stock,,4901255369,24.09.2026,144,PC,PF BAC RANGEMENT REF 23,BARFLOW_TA11
1000102657,TA11,PRD2,101,EM entrée en stock,,4901255371,24.09.2026,144,PC,PF BAC RANGEMENT REF 23,BARFLOW_TA11
1000102657,TA11,PRD2,101,EM entrée en stock,,4901255374,24.09.2026,144,PC,PF BAC RANGEMENT REF 23,BARFLOW_TA11
1000102657,TA11,PRD2,101,EM entrée en stock,,4901255377,24.09.2026,144,PC,PF BAC RANGEMENT REF 23,BARFLOW_TA11
1000102657,TA11,PRD2,101,EM entrée en stock,,4901255378,24.09.2026,288,PC,PF BAC RANGEMENT REF 23,PLANIF01
1000102657,TA11,PRD2,101,EM entrée en stock,,4901255380,24.09.2026,144,PC,PF BAC RANGEMENT REF 23,BARFLOW_TA11
1000614102,TA11,PRD2,101,EM entrée en stock,,4901255383,24.09.2026,48,PC,PF SUPPORT FIXATION ACIER REF 03,BARFLOW_TA11
1000614102,TA11,PRD2,101,EM entrée en stock,,4901255385,24.09.2026,48,PC,PF SUPPORT FIXATION ACIER REF 03,BARFLOW_TA11
1000614102,TA11,PRD2,101,EM entrée en stock,,4901255386,24.09.2026,48,PC,PF SUPPORT FIXATION ACIER REF 03,BARFLOW_TA11
1000614102,TA11,PRD2,101,EM entrée en stock,,4901255394,24.09.2026,48,PC,PF SUPPORT FIXATION ACIER REF 03,BARFLOW_TA11
1000614102,TA11,PRD2,101,EM entrée en stock,,4901255395,24.09.2026,48,PC,PF SUPPORT FIXATION ACIER REF 03,BARFLOW_TA11
1000614102,TA11,PRD2,101,EM entrée en stock,,4901255397,24.09.2026,48,PC,PF SUPPORT FIXATION ACIER REF 03,BARFLOW_TA11
1000614102,TA11,PRD2,101,EM entrée en stock,,4901255402,24.09.2026,48,PC,PF SUPPORT FIXATION ACIER REF 03,BARFLOW_TA11
1000614102,TA11,PRD2,101,EM entrée en stock,,4901255409,24.09.2026,48,PC,PF SUPPORT FIXATION ACIER REF 03,BARFLOW_TA11
1000910625,TA11,PRD2,101,EM entrée en stock,,4901255425,24.09.2026,72,PC,PF ECROU PLASTIQUE M8 REF 29,BARFLOW_TA11
1000910625,TA11,PRD2,101,EM entrée en stock,,4901255429,24.09.2026,72,PC,PF ECROU PLASTIQUE M8 REF 29,BARFLOW_TA11
1000910625,TA11,PRD2,101,EM entrée en stock,,4901255434,24.09.2026,72,PC,PF ECROU PLASTIQUE M8 REF 29,BARFLOW_TA11
1000910625,TA11,PRD2,101,EM entrée en stock,,4901255436,24.09.2026,72,PC,PF ECROU PLASTIQUE M8 REF 29,BARFLOW_TA11
1000910625,TA11,PRD2,101,EM entrée en stock,,4901255441,24.09.2026,72,PC,PF ECROU PLASTIQUE M8 REF 29,BARFLOW_TA11
1000954340,TA11,PRD2,101,EM entrée en stock,,4901255444,24.09.2026,480,PC,PF FILTRE HABITACLE REF 27,BARFLOW_TA11
1000910625,TA11,PRD2,101,EM entrée en stock,,4901255445,24.09.2026,72,PC,PF ECROU PLASTIQUE M8 REF 29,BARFLOW_TA11
1000954340,TA11,PRD2,101,EM entrée en stock,,4901255451,24.09.2026,480,PC,PF FILTRE HABITACLE REF 27,BARFLOW_TA11
1000910625,TA11,PRD2,101,EM entrée en stock,,4901255452,24.09.2026,72,PC,PF ECROU PLASTIQUE M8 REF 29,BARFLOW_TA11
1000954340,TA11,PRD2,101,EM entrée en stock,,4901255457,24.09.2026,480,PC,PF FILTRE HABITACLE REF 27,BARFLOW_TA11
1000954340,TA11,PRD2,101,EM entrée en stock,,4901255462,24.09.2026,480,PC,PF FILTRE HABITACLE REF 27,BARFLOW_TA11
1000954340,TA11,PRD2,101,EM entrée en stock,,4901255468,24.09.2026,480,PC,PF FILTRE HABITACLE REF 27,BARFLOW_TA11
1000954340,TA11,PRD2,101,EM entrée en stock,,4901255476,24.09.2026,480,PC,PF FILTRE HABITACLE REF 27,PLANIF01
1000334130,TA11,PRD2,101,EM entrée en stock,,4901255477,24.09.2026,480,PC,PF PLATINE ELECTRONIQUE REF 12,BARFLOW_TA11
1000334130,TA11,PRD2,101,EM entrée en stock,,4901255480,24.09.2026,480,PC,PF PLATINE ELECTRONIQUE REF 12,BARFLOW_TA11
1000202814,TA11,PRD2,101,EM entrée en stock,,4901255484,24.09.2026,432,PC,PF CARTER PROTECTION NOIR REF 06,PLANIF01
1000334130,TA11,PRD2,101,EM entrée en stock,,4901255488,24.09.2026,480,PC,PF PLATINE ELECTRONIQUE REF 12,BARFLOW_TA11
1000334130,TA11,PRD2,101,EM entrée en stock,,4901255493,24.09.2026,480,PC,PF PLATINE ELECTRONIQUE REF 12,BARFLOW_TA11
1000334130,TA11,PRD2,101,EM entrée en stock,,4901255494,24.09.2026,480,PC,PF PLATINE ELECTRONIQUE REF 12,BARFLOW_TA11
1000202814,TA11,PRD2,101,EM entrée en stock,,4901255496,24.09.2026,576,PC,PF CARTER PROTECTION NOIR REF 06,PLANIF01
1000334130,TA11,PRD2,101,EM entrée en stock,,4901255497,24.09.2026,480,PC,PF PLATINE ELECTRONIQUE REF 12,BARFLOW_TA11
1000334130,TA11,PRD2,101,EM entrée en stock,,4901255502,24.09.2026,480,PC,PF PLATINE ELECTRONIQUE REF 12,BARFLOW_TA11
1000334130,TA11,PRD2,101,EM entrée en stock,,4901255504,24.09.2026,480,PC,PF PLATINE ELECTRONIQUE REF 12,BARFLOW_TA11
1000334130,TA11,PRD2,101,EM entrée en stock,,4901255511,24.09.2026,480,PC,PF PLATINE ELECTRONIQUE REF 12,BARFLOW_TA11
1000887507,TA11,PRD2,101,EM entrée en stock,,4901255552,25.09.2026,600,KG,PF COMPOUND ABS VRAC OCTABIN,BARFLOW_TA11
1000887507,TA11,PRD2,101,EM entrée en stock,,4901255553,25.09.2026,600,KG,PF COMPOUND ABS VRAC OCTABIN,BARFLOW_TA11
1000887507,TA11,PRD2,101,EM entrée en stock,,4901255558,25.09.2026,600,KG,PF COMPOUND ABS VRAC OCTABIN,BARFLOW_TA11
1000812390,TA11,PRD2,101,EM entrée en stock,,4901255561,25.09.2026,72,PC,PF CACHE MOTEUR REF 20,PLANIF01
1000887507,TA11,PRD2,101,EM entrée en stock,,4901255562,25.09.2026,600,KG,PF COMPOUND ABS VRAC OCTABIN,BARFLOW_TA11
1000887507,TA11,PRD2,101,EM entrée en stock,,4901255565,25.09.2026,600,KG,PF COMPOUND ABS VRAC OCTABIN,BARFLOW_TA11
1000887507,TA11,PRD2,101,EM entrée en stock,,4901255568,25.09.2026,1200,KG,PF COMPOUND ABS VRAC OCTABIN,PLANIF01
1000812390,TA11,PRD2,101,EM entrée en stock,,4901255576,25.09.2026,24,PC,PF CACHE MOTEUR REF 20,BARFLOW_TA11
1000812390,TA11,PRD2,101,EM entrée en stock,,4901255579,25.09.2026,24,PC,PF CACHE MOTEUR REF 20,BARFLOW_TA11
1000887507,TA11,PRD2,101,EM entrée en stock,,4901255582,25.09.2026,600,KG,PF COMPOUND ABS VRAC OCTABIN,BARFLOW_TA11
1000812390,TA11,PRD2,101,EM entrée en stock,,4901255583,25.09.2026,24,PC,PF CACHE MOTEUR REF 20,BARFLOW_TA11
1000910625,TA11,PRD2,101,EM entrée en stock,,4901255593,25.09.2026,72,PC,PF ECROU PLASTIQUE M8 REF 29,BARFLOW_TA11
1000910625,TA11,PRD2,101,EM entrée en stock,,4901255602,25.09.2026,72,PC,PF ECROU PLASTIQUE M8 REF 29,BARFLOW_TA11
1000910625,TA11,PRD2,101,EM entrée en stock,,4901255611,25.09.2026,72,PC,PF ECROU PLASTIQUE M8 REF 29,BARFLOW_TA11
1000910625,TA11,PRD2,101,EM entrée en stock,,4901255613,25.09.2026,72,PC,PF ECROU PLASTIQUE M8 REF 29,BARFLOW_TA11
1000910625,TA11,PRD2,101,EM entrée en stock,,4901255618,25.09.2026,72,PC,PF ECROU PLASTIQUE M8 REF 29,BARFLOW_TA11
1000983322,TA11,PRD2,101,EM entrée en stock,,4901255624,25.09.2026,96,PC,PF POIGNEE PORTE CHROME REF 09,BARFLOW_TA11
1000910625,TA11,PRD2,101,EM entrée en stock,,4901255632,25.09.2026,72,PC,PF ECROU PLASTIQUE M8 REF 29,PLANIF01
1000983322,TA11,PRD2,101,EM entrée en stock,,4901255637,25.09.2026,96,PC,PF POIGNEE PORTE CHROME REF 09,BARFLOW_TA11
1000910625,TA11,PRD2,101,EM entrée en stock,,4901255638,25.09.2026,72,PC,PF ECROU PLASTIQUE M8 REF 29,BARFLOW_TA11
1000910625,TA11,PRD2,101,EM entrée en stock,,4901255639,25.09.2026,72,PC,PF ECROU PLASTIQUE M8 REF 29,BARFLOW_TA11
1000983322,TA11,PRD2,101,EM entrée en stock,,4901255642,25.09.2026,96,PC,PF POIGNEE PORTE CHROME REF 09,BARFLOW_TA11
1000910625,TA11,PRD2,101,EM entrée en stock,,4901255643,25.09.2026,72,PC,PF ECROU PLASTIQUE M8 REF 29,BARFLOW_TA11
1000983322,TA11,PRD2,101,EM entrée en stock,,4901255645,25.09.2026,96,PC,PF POIGNEE PORTE CHROME REF 09,BARFLOW_TA11
1000910625,TA11,PRD2,101,EM entrée en stock,,4901255648,25.09.2026,72,PC,PF ECROU PLASTIQUE M8 REF 29,BARFLOW_TA11
1000983322,TA11,PRD2,101,EM entrée en stock,,4901255654,25.09.2026,96,PC,PF POIGNEE PORTE CHROME REF 09,BARFLOW_TA11
1000910625,TA11,PRD2,101,EM entrée en stock,,4901255655,25.09.2026,72,PC,PF ECROU PLASTIQUE M8 REF 29,BARFLOW_TA11
1000910625,TA11,PRD2,101,EM entrée en stock,,4901255661,25.09.2026,72,PC,PF ECROU PLASTIQUE M8 REF 29,BARFLOW_TA11
1000983322,TA11,PRD2,101,EM entrée en stock,,4901255664,25.09.2026,96,PC,PF POIGNEE PORTE CHROME REF 09,PLANIF01
1000983322,TA11,PRD2,101,EM entrée en stock,,4901255672,25.09.2026,96,PC,PF POIGNEE PORTE CHROME REF 09,BARFLOW_TA11
1000983322,TA11,PRD2,101,EM entrée en stock,,4901255685,25.09.2026,192,PC,PF POIGNEE PORTE CHROME REF 09,PLANIF01
1000954340,TA11,PRD2,101,EM entrée en stock,,4901255695,25.09.2026,480,PC,PF FILTRE HABITACLE REF 27,BARFLOW_TA11
1000954340,TA11,PRD2,101,EM entrée en stock,,4901255700,25.09.2026,480,PC,PF FILTRE HABITACLE REF 27,BARFLOW_TA11
1000954340,TA11,PRD2,101,EM entrée en stock,,4901255701,25.09.2026,480,PC,PF FILTRE HABITACLE REF 27,BARFLOW_TA11
1000954340,TA11,PRD2,101,EM entrée en stock,,4901255702,25.09.2026,480,PC,PF FILTRE HABITACLE REF 27,BARFLOW_TA11
1000954340,TA11,PRD2,101,EM entrée en stock,,4901255707,25.09.2026,480,PC,PF FILTRE HABITACLE REF 27,BARFLOW_TA11
1000954340,TA11,PRD2,101,EM entrée en stock,,4901255713,25.09.2026,480,PC,PF FILTRE HABITACLE REF 27,BARFLOW_TA11
1000954340,TA11,PRD2,101,EM entrée en stock,,4901255715,25.09.2026,480,PC,PF FILTRE HABITACLE REF 27,BARFLOW_TA11
1000954340,TA11,PRD2,101,EM entrée en stock,,4901255717,25.09.2026,480,PC,PF FILTRE HABITACLE REF 27,BARFLOW_TA11
1000954340,TA11,PRD2,101,EM entrée en stock,,4901255719,25.09.2026,480,PC,PF FILTRE HABITACLE REF 27,BARFLOW_TA11
1000562521,TA11,PRD2,101,EM entrée en stock,,4901255735,25.09.2026,144,PC,PF BRIDE SERRAGE INOX REF 16,BARFLOW_TA11
1000562521,TA11,PRD2,101,EM entrée en stock,,4901255736,25.09.2026,144,PC,PF BRIDE SERRAGE INOX REF 16,BARFLOW_TA11
1000562521,TA11,PRD2,101,EM entrée en stock,,4901255737,25.09.2026,144,PC,PF BRIDE SERRAGE INOX REF 16,BARFLOW_TA11
1000562521,TA11,PRD2,101,EM entrée en stock,,4901255740,25.09.2026,144,PC,PF BRIDE SERRAGE INOX REF 16,BARFLOW_TA11
1000435003,TA11,PRD2,101,EM entrée en stock,,4901255748,25.09.2026,120,PC,PF CAPTEUR TEMPERATURE REF 17,BARFLOW_TA11
1000818461,TA11,PRD2,101,EM entrée en stock,,4901255751,25.09.2026,36,PC,PF CONSOLE CENTRALE REF 24,BARFLOW_TA11
1000435003,TA11,PRD2,101,EM entrée en stock,,4901255754,25.09.2026,120,PC,PF CAPTEUR TEMPERATURE REF 17,BARFLOW_TA11
1000818461,TA11,PRD2,101,EM entrée en stock,,4901255757,25.09.2026,36,PC,PF CONSOLE CENTRALE REF 24,BARFLOW_TA11
1000435003,TA11,PRD2,101,EM entrée en stock,,4901255761,25.09.2026,120,PC,PF CAPTEUR TEMPERATURE REF 17,BARFLOW_TA11
1000818461,TA11,PRD2,101,EM entrée en stock,,4901255764,25.09.2026,36,PC,PF CONSOLE CENTRALE REF 24,BARFLOW_TA11
1000435003,TA11,PRD2,101,EM entrée en stock,,4901255765,25.09.2026,120,PC,PF CAPTEUR TEMPERATURE REF 17,BARFLOW_TA11
1000818461,TA11,PRD2,101,EM entrée en stock,,4901255767,25.09.2026,36,PC,PF CONSOLE CENTRALE REF 24,BARFLOW_TA11
1000435003,TA11,PRD2,101,EM entrée en stock,,4901255769,25.09.2026,120,PC,PF CAPTEUR TEMPERATURE REF 17,BARFLOW_TA11
1000818461,TA11,PRD2,101,EM entrée en stock,,4901255772,25.09.2026,21,PC,PF CONSOLE CENTRALE REF 24,BARFLOW_TA11
1000435003,TA11,PRD2,101,EM entrée en stock,,4901255774,25.09.2026,120,PC,PF CAPTEUR TEMPERATURE REF 17,BARFLOW_TA11
1000102657,TA11,PRD2,101,EM entrée en stock,,4901255776,25.09.2026,144,PC,PF BAC RANGEMENT REF 23,BARFLOW_TA11
1000435003,TA11,PRD2,101,EM entrée en stock,,4901255778,25.09.2026,120,PC,PF CAPTEUR TEMPERATURE REF 17,BARFLOW_TA11
1000102657,TA11,PRD2,101,EM entrée en stock,,4901255780,25.09.2026,144,PC,PF BAC RANGEMENT REF 23,BARFLOW_TA11
1000435003,TA11,PRD2,101,EM entrée en stock,,4901255784,25.09.2026,120,PC,PF CAPTEUR TEMPERATURE REF 17,BARFLOW_TA11
1000102657,TA11,PRD2,101,EM entrée en stock,,4901255787,25.09.2026,144,PC,PF BAC RANGEMENT REF 23,BARFLOW_TA11
1000102657,TA11,PRD2,101,EM entrée en stock,,4901255790,25.09.2026,144,PC,PF BAC RANGEMENT REF 23,BARFLOW_TA11
1000102657,TA11,PRD2,101,EM entrée en stock,,4901255793,25.09.2026,144,PC,PF BAC RANGEMENT REF 23,BARFLOW_TA11
1000914295,TA11,PRD2,101,EM entrée en stock,,4901255803,25.09.2026,1280,PC,PF CONNECTEUR 4 VOIES REF 04,PLANIF01
1000102657,TA11,PRD2,101,EM entrée en stock,,4901255809,25.09.2026,144,PC,PF BAC RANGEMENT REF 23,PLANIF01
1000102657,TA11,PRD2,101,EM entrée en stock,,4901255812,25.09.2026,144,PC,PF BAC RANGEMENT REF 23,BARFLOW_TA11
1000102657,TA11,PRD2,101,EM entrée en stock,,4901255813,25.09.2026,144,PC,PF BAC RANGEMENT REF 23,BARFLOW_TA11
1000102657,TA11,PRD2,101,EM entrée en stock,,4901255823,25.09.2026,144,PC,PF BAC RANGEMENT REF 23,BARFLOW_TA11
1000905427,TA11,PRD2,101,EM entrée en stock,,4901255850,26.09.2026,72,PC,PF PANNEAU PORTE GAUCHE REF 21,BARFLOW_TA11
1000905427,TA11,PRD2,101,EM entrée en stock,,4901255852,26.09.2026,72,PC,PF PANNEAU PORTE GAUCHE REF 21,BARFLOW_TA11
1000921426,TA11,PRD2,101,EM entrée en stock,,4901255854,26.09.2026,200,PC,PF CONDUIT AIR 80MM REF 15,BARFLOW_TA11
1000905427,TA11,PRD2,101,EM entrée en stock,,4901255856,26.09.2026,72,PC,PF PANNEAU PORTE GAUCHE REF 21,BARFLOW_TA11
1000921426,TA11,PRD2,101,EM entrée en stock,,4901255859,26.09.2026,200,PC,PF CONDUIT AIR 80MM REF 15,BARFLOW_TA11
1000921426,TA11,PRD2,101,EM entrée en stock,,4901255861,26.09.2026,200,PC,PF CONDUIT AIR 80MM REF 15,BARFLOW_TA11
1000921426,TA11,PRD2,101,EM entrée en stock,,4901255863,26.09.2026,200,PC,PF CONDUIT AIR 80MM REF 15,BARFLOW_TA11
1000429497,TA11,PRD2,101,EM entrée en stock,,4901255885,26.09.2026,96,PC,PF PANNEAU PORTE DROIT REF 22,BARFLOW_TA11
1000429497,TA11,PRD2,101,EM entrée en stock,,4901255888,26.09.2026,96,PC,PF PANNEAU PORTE DROIT REF 22,BARFLOW_TA11
1000429497,TA11,PRD2,101,EM entrée en stock,,4901255891,26.09.2026,96,PC,PF PANNEAU PORTE DROIT REF 22,BARFLOW_TA11
1000429497,TA11,PRD2,101,EM entrée en stock,,4901255896,26.09.2026,96,PC,PF PANNEAU PORTE DROIT REF 22,BARFLOW_TA11
1000102657,TA11,PRD2,101,EM entrée en stock,,4901255900,26.09.2026,144,PC,PF BAC RANGEMENT REF 23,BARFLOW_TA11
1000102657,TA11,PRD2,101,EM entrée en stock,,4901255905,26.09.2026,144,PC,PF BAC RANGEMENT REF 23,BARFLOW_TA11
1000102657,TA11,PRD2,101,EM entrée en stock,,4901255911,26.09.2026,144,PC,PF BAC RANGEMENT REF 23,PLANIF01
1000102657,TA11,PRD2,101,EM entrée en stock,,4901255914,26.09.2026,144,PC,PF BAC RANGEMENT REF 23,BARFLOW_TA11
1000102657,TA11,PRD2,101,EM entrée en stock,,4901255917,26.09.2026,144,PC,PF BAC RANGEMENT REF 23,BARFLOW_TA11
1000102657,TA11,PRD2,101,EM entrée en stock,,4901255922,26.09.2026,144,PC,PF BAC RANGEMENT REF 23,BARFLOW_TA11
1000102657,TA11,PRD2,101,EM entrée en stock,,4901255925,26.09.2026,144,PC,PF BAC RANGEMENT REF 23,BARFLOW_TA11
1000102657,TA11,PRD2,101,EM entrée en stock,,4901255930,26.09.2026,129,PC,PF BAC RANGEMENT REF 23,BARFLOW_TA11
1000983322,TA11,PRD2,101,EM entrée en stock,,4901255950,26.09.2026,96,PC,PF POIGNEE PORTE CHROME REF 09,BARFLOW_TA11
1000216115,TA11,PRD2,101,EM entrée en stock,,4901255952,26.09.2026,480,PC,PF PLAQUE INSONORISANTE REF 33,BARFLOW_TA11
1000983322,TA11,PRD2,101,EM entrée en stock,,4901255954,26.09.2026,96,PC,PF POIGNEE PORTE CHROME REF 09,BARFLOW_TA11
1000320436,TA11,PRD2,101,EM entrée en stock,,4901255955,26.09.2026,60,PC,PF JOINT ETANCHEITE 60MM REF 10,PLANIF01
1000983322,TA11,PRD2,101,EM entrée en stock,,4901255959,26.09.2026,96,PC,PF POIGNEE PORTE CHROME REF 09,BARFLOW_TA11
1000216115,TA11,PRD2,101,EM entrée en stock,,4901255961,26.09.2026,480,PC,PF PLAQUE INSONORISANTE REF 33,BARFLOW_TA11
1000983322,TA11,PRD2,101,EM entrée en stock,,4901255962,26.09.2026,96,PC,PF POIGNEE PORTE CHROME REF 09,BARFLOW_TA11
1000320436,TA11,PRD2,101,EM entrée en stock,,4901255963,26.09.2026,60,PC,PF JOINT ETANCHEITE 60MM REF 10,PLANIF01
1000983322,TA11,PRD2,101,EM entrée en stock,,4901255966,26.09.2026,57,PC,PF POIGNEE PORTE CHROME REF 09,BARFLOW_TA11
1000216115,TA11,PRD2,101,EM entrée en stock,,4901255967,26.09.2026,480,PC,PF PLAQUE INSONORISANTE REF 33,BARFLOW_TA11
1000320436,TA11,PRD2,101,EM entrée en stock,,4901255972,26.09.2026,60,PC,PF JOINT ETANCHEITE 60MM REF 10,BARFLOW_TA11
1000216115,TA11,PRD2,101,EM entrée en stock,,4901255975,26.09.2026,480,PC,PF PLAQUE INSONORISANTE REF 33,PLANIF01
1000216115,TA11,PRD2,101,EM entrée en stock,,4901255977,26.09.2026,480,PC,PF PLAQUE INSONORISANTE REF 33,BARFLOW_TA11
1000320436,TA11,PRD2,101,EM entrée en stock,,4901255979,26.09.2026,60,PC,PF JOINT ETANCHEITE 60MM REF 10,BARFLOW_TA11
1000216115,TA11,PRD2,101,EM entrée en stock,,4901255982,26.09.2026,327,PC,PF PLAQUE INSONORISANTE REF 33,BARFLOW_TA11
1000320436,TA11,PRD2,101,EM entrée en stock,,4901255988,26.09.2026,120,PC,PF JOINT ETANCHEITE 60MM REF 10,PLANIF01
1000184644,TA11,PRD2,101,EM entrée en stock,,4901255990,26.09.2026,200,PC,PF RESERVOIR LAVE-GLACE REF 18,BARFLOW_TA11
1000184644,TA11,PRD2,101,EM entrée en stock,,4901255999,26.09.2026,400,PC,PF RESERVOIR LAVE-GLACE REF 18,PLANIF01
1000751673,TA11,PRD2,101,EM entrée en stock,,4901256007,26.09.2026,400,PC,PF BOUCHON RESERVOIR REF 07,PLANIF01
1000184644,TA11,PRD2,101,EM entrée en stock,,4901256016,26.09.2026,200,PC,PF RESERVOIR LAVE-GLACE REF 18,BARFLOW_TA11
1000184644,TA11,PRD2,101,EM entrée en stock,,4901256019,26.09.2026,200,PC,PF RESERVOIR LAVE-GLACE REF 18,BARFLOW_TA11
1000751673,TA11,PRD2,101,EM entrée en stock,,4901256020,26.09.2026,200,PC,PF BOUCHON RESERVOIR REF 07,BARFLOW_TA11
1000184644,TA11,PRD2,101,EM entrée en stock,,4901256025,26.09.2026,200,PC,PF RESERVOIR LAVE-GLACE REF 18,BARFLOW_TA11
1000184644,TA11,PRD2,101,EM entrée en stock,,4901256033,26.09.2026,200,PC,PF RESERVOIR LAVE-GLACE REF 18,BARFLOW_TA11
1000818461,TA11,PRD2,101,EM entrée en stock,,4901256044,26.09.2026,36,PC,PF CONSOLE CENTRALE REF 24,BARFLOW_TA11
1000818461,TA11,PRD2,101,EM entrée en stock,,4901256045,26.09.2026,36,PC,PF CONSOLE CENTRALE REF 24,BARFLOW_TA11
1000818461,TA11,PRD2,101,EM entrée en stock,,4901256053,26.09.2026,36,PC,PF CONSOLE CENTRALE REF 24,BARFLOW_TA11
1000818461,TA11,PRD2,101,EM entrée en stock,,4901256059,26.09.2026,36,PC,PF CONSOLE CENTRALE REF 24,BARFLOW_TA11
1000778636,TA11,PRD2,101,EM entrée en stock,,4901256067,26.09.2026,144,PC,PF GRILLE AERATION BLANCHE REF 08,BARFLOW_TA11
1000778636,TA11,PRD2,101,EM entrée en stock,,4901256069,26.09.2026,432,PC,PF GRILLE AERATION BLANCHE REF 08,PLANIF01
1000541046,TA11,PRD2,101,EM entrée en stock,,4901256070,26.09.2026,144,PC,PF CLIP FIXATION X100 REF 30,BARFLOW_TA11
1000541046,TA11,PRD2,101,EM entrée en stock,,4901256073,26.09.2026,144,PC,PF CLIP FIXATION X100 REF 30,PLANIF01
1000541046,TA11,PRD2,101,EM entrée en stock,,4901256077,26.09.2026,144,PC,PF CLIP FIXATION X100 REF 30,BARFLOW_TA11
1000778636,TA11,PRD2,101,EM entrée en stock,,4901256079,26.09.2026,144,PC,PF GRILLE AERATION BLANCHE REF 08,BARFLOW_TA11
1000778636,TA11,PRD2,101,EM entrée en stock,,4901256083,26.09.2026,288,PC,PF GRILLE AERATION BLANCHE REF 08,PLANIF01
1000541046,TA11,PRD2,101,EM entrée en stock,,4901256085,26.09.2026,144,PC,PF CLIP FIXATION X100 REF 30,BARFLOW_TA11
1000562521,TA11,PRD2,101,EM entrée en stock,,4901256109,26.09.2026,144,PC,PF BRIDE SERRAGE INOX REF 16,BARFLOW_TA11
1000562521,TA11,PRD2,101,EM entrée en stock,,4901256111,26.09.2026,144,PC,PF BRIDE SERRAGE INOX REF 16,BARFLOW_TA11
1000562521,TA11,PRD2,101,EM entrée en stock,,4901256112,26.09.2026,144,PC,PF BRIDE SERRAGE INOX REF 16,BARFLOW_TA11
1000866025,TA11,PRD2,101,EM entrée en stock,,4901256122,28.09.2026,144,PC,PF GAINE ELECTRIQUE 25MM REF 25,BARFLOW_TA11
1000207622,TA11,PRD2,101,EM entrée en stock,,4901256125,28.09.2026,400,KG,PF GRANULE PE NOIR BIG BAG,PLANIF01
1000207622,TA11,PRD2,101,EM entrée en stock,,4901256130,28.09.2026,1200,KG,PF GRANULE PE NOIR BIG BAG,PLANIF01
1000866025,TA11,PRD2,101,EM entrée en stock,,4901256132,28.09.2026,116,PC,PF GAINE ELECTRIQUE 25MM REF 25,BARFLOW_TA11
1000207622,TA11,PRD2,101,EM entrée en stock,,4901256141,28.09.2026,400,KG,PF GRANULE PE NOIR BIG BAG,BARFLOW_TA11
1000614102,TA11,PRD2,101,EM entrée en stock,,4901256147,28.09.2026,48,PC,PF SUPPORT FIXATION ACIER REF 03,BARFLOW_TA11
1000614102,TA11,PRD2,101,EM entrée en stock,,4901256151,28.09.2026,48,PC,PF SUPPORT FIXATION ACIER REF 03,BARFLOW_TA11
1000614102,TA11,PRD2,101,EM entrée en stock,,4901256153,28.09.2026,42,PC,PF SUPPORT FIXATION ACIER REF 03,BARFLOW_TA11
1000401193,TA11,PRD2,101,EM entrée en stock,,4901256173,28.09.2026,240,PC,PF FAISCEAU CABLE 1M2 REF 05,BARFLOW_TA11
1000401193,TA11,PRD2,101,EM entrée en stock,,4901256175,28.09.2026,240,PC,PF FAISCEAU CABLE 1M2 REF 05,BARFLOW_TA11
1000401193,TA11,PRD2,101,EM entrée en stock,,4901256178,28.09.2026,240,PC,PF FAISCEAU CABLE 1M2 REF 05,BARFLOW_TA11
1000401193,TA11,PRD2,101,EM entrée en stock,,4901256183,28.09.2026,240,PC,PF FAISCEAU CABLE 1M2 REF 05,BARFLOW_TA11
1000334130,TA11,PRD2,101,EM entrée en stock,,4901256185,28.09.2026,480,PC,PF PLATINE ELECTRONIQUE REF 12,BARFLOW_TA11
1000401193,TA11,PRD2,101,EM entrée en stock,,4901256190,28.09.2026,240,PC,PF FAISCEAU CABLE 1M2 REF 05,BARFLOW_TA11
1000334130,TA11,PRD2,101,EM entrée en stock,,4901256194,28.09.2026,1440,PC,PF PLATINE ELECTRONIQUE REF 12,PLANIF01
1000401193,TA11,PRD2,101,EM entrée en stock,,4901256197,28.09.2026,240,PC,PF FAISCEAU CABLE 1M2 REF 05,BARFLOW_TA11
1000401193,TA11,PRD2,101,EM entrée en stock,,4901256199,28.09.2026,240,PC,PF FAISCEAU CABLE 1M2 REF 05,BARFLOW_TA11
1000956436,TA11,PRD2,101,EM entrée en stock,,4901256206,28.09.2026,600,KG,PF MELANGE MAITRE BLANC SAC,PLANIF01
1000334130,TA11,PRD2,101,EM entrée en stock,,4901256213,28.09.2026,480,PC,PF PLATINE ELECTRONIQUE REF 12,BARFLOW_TA11
1000956436,TA11,PRD2,101,EM entrée en stock,,4901256218,28.09.2026,600,KG,PF MELANGE MAITRE BLANC SAC,BARFLOW_TA11
1000334130,TA11,PRD2,101,EM entrée en stock,,4901256226,28.09.2026,480,PC,PF PLATINE ELECTRONIQUE REF 12,BARFLOW_TA11
1000956436,TA11,PRD2,101,EM entrée en stock,,4901256227,28.09.2026,600,KG,PF MELANGE MAITRE BLANC SAC,BARFLOW_TA11
1000334130,TA11,PRD2,101,EM entrée en stock,,4901256230,28.09.2026,480,PC,PF PLATINE ELECTRONIQUE REF 12,BARFLOW_TA11
1000956436,TA11,PRD2,101,EM entrée en stock,,4901256235,28.09.2026,600,KG,PF MELANGE MAITRE BLANC SAC,BARFLOW_TA11
1000334130,TA11,PRD2,101,EM entrée en stock,,4901256236,28.09.2026,480,PC,PF PLATINE ELECTRONIQUE REF 12,BARFLOW_TA11
1000351589,TA11,PRD2,101,EM entrée en stock,,4901256238,28.09.2026,48,PC,PF BOITIER COMMANDE REF 31,BARFLOW_TA11
1000956436,TA11,PRD2,101,EM entrée en stock,,4901256240,28.09.2026,600,KG,PF MELANGE MAITRE BLANC SAC,BARFLOW_TA11
1000351589,TA11,PRD2,101,EM entrée en stock,,4901256242,28.09.2026,48,PC,PF BOITIER COMMANDE REF 31,BARFLOW_TA11
1000334130,TA11,PRD2,101,EM entrée en stock,,4901256244,28.09.2026,480,PC,PF PLATINE ELECTRONIQUE REF 12,BARFLOW_TA11
1000351589,TA11,PRD2,101,EM entrée en stock,,4901256247,28.09.2026,48,PC,PF BOITIER COMMANDE REF 31,BARFLOW_TA11
1000956436,TA11,PRD2,101,EM entrée en stock,,4901256248,28.09.2026,600,KG,PF MELANGE MAITRE BLANC SAC,BARFLOW_TA11
1000334130,TA11,PRD2,101,EM entrée en stock,,4901256252,28.09.2026,480,PC,PF PLATINE ELECTRONIQUE REF 12,BARFLOW_TA11
1000351589,TA11,PRD2,101,EM entrée en stock,,4901256255,28.09.2026,48,PC,PF BOITIER COMMANDE REF 31,BARFLOW_TA11
1000351589,TA11,PRD2,101,EM entrée en stock,,4901256263,28.09.2026,48,PC,PF BOITIER COMMANDE REF 31,BARFLOW_TA11
1000351589,TA11,PRD2,101,EM entrée en stock,,4901256269,28.09.2026,48,PC,PF BOITIER COMMANDE REF 31,BARFLOW_TA11
1000887507,TA11,PRD2,101,EM entrée en stock,,4901256276,28.09.2026,600,KG,PF COMPOUND ABS VRAC OCTABIN,BARFLOW_TA11
1000351589,TA11,PRD2,101,EM entrée en stock,,4901256278,28.09.2026,48,PC,PF BOITIER COMMANDE REF 31,BARFLOW_TA11
1000887507,TA11,PRD2,101,EM entrée en stock,,4901256280,28.09.2026,600,KG,PF COMPOUND ABS VRAC OCTABIN,BARFLOW_TA11
1000351589,TA11,PRD2,101,EM entrée en stock,,4901256281,28.09.2026,48,PC,PF BOITIER COMMANDE REF 31,BARFLOW_TA11
1000887507,TA11,PRD2,101,EM entrée en stock,,4901256290,28.09.2026,600,KG,PF COMPOUND ABS VRAC OCTABIN,BARFLOW_TA11
1000351589,TA11,PRD2,101,EM entrée en stock,,4901256291,28.09.2026,48,PC,PF BOITIER COMMANDE REF 31,BARFLOW_TA11
1000224906,TA11,PRD2,101,EM entrée en stock,,4901256293,28.09.2026,144,PC,PF COUVERCLE BATTERIE REF 13,BARFLOW_TA11
1000887507,TA11,PRD2,101,EM entrée en stock,,4901256297,28.09.2026,600,KG,PF COMPOUND ABS VRAC OCTABIN,BARFLOW_TA11
1000224906,TA11,PRD2,101,EM entrée en stock,,4901256298,28.09.2026,144,PC,PF COUVERCLE BATTERIE REF 13,BARFLOW_TA11
1000954340,TA11,PRD2,101,EM entrée en stock,,4901256301,28.09.2026,480,PC,PF FILTRE HABITACLE REF 27,BARFLOW_TA11
1000224906,TA11,PRD2,101,EM entrée en stock,,4901256303,28.09.2026,288,PC,PF COUVERCLE BATTERIE REF 13,PLANIF01
1000887507,TA11,PRD2,101,EM entrée en stock,,4901256305,28.09.2026,600,KG,PF COMPOUND ABS VRAC OCTABIN,BARFLOW_TA11
1000954340,TA11,PRD2,101,EM entrée en stock,,4901256310,28.09.2026,480,PC,PF FILTRE HABITACLE REF 27,PLANIF01
1000887507,TA11,PRD2,101,EM entrée en stock,,4901256313,28.09.2026,600,KG,PF COMPOUND ABS VRAC OCTABIN,BARFLOW_TA11
1000954340,TA11,PRD2,101,EM entrée en stock,,4901256323,28.09.2026,480,PC,PF FILTRE HABITACLE REF 27,BARFLOW_TA11
1000887507,TA11,PRD2,101,EM entrée en stock,,4901256325,28.09.2026,443.5,KG,PF COMPOUND ABS VRAC OCTABIN,BARFLOW_TA11
1000954340,TA11,PRD2,101,EM entrée en stock,,4901256330,28.09.2026,480,PC,PF FILTRE HABITACLE REF 27,BARFLOW_TA11
1000778636,TA11,PRD2,101,EM entrée en stock,,4901256341,28.09.2026,144,PC,PF GRILLE AERATION BLANCHE REF 08,BARFLOW_TA11
1000778636,TA11,PRD2,101,EM entrée en stock,,4901256343,28.09.2026,576,PC,PF GRILLE AERATION BLANCHE REF 08,PLANIF01
1000674421,TA11,PRD2,101,EM entrée en stock,,4901256350,28.09.2026,750,KG,PF GRANULE PP SAC 25KG,BARFLOW_TA11
1000674421,TA11,PRD2,101,EM entrée en stock,,4901256356,28.09.2026,750,KG,PF GRANULE PP SAC 25KG,BARFLOW_TA11
1000778636,TA11,PRD2,101,EM entrée en stock,,4901256357,28.09.2026,144,PC,PF GRILLE AERATION BLANCHE REF 08,BARFLOW_TA11
1000778636,TA11,PRD2,101,EM entrée en stock,,4901256364,28.09.2026,144,PC,PF GRILLE AERATION BLANCHE REF 08,BARFLOW_TA11
1000674421,TA11,PRD2,101,EM entrée en stock,,4901256365,28.09.2026,750,KG,PF GRANULE PP SAC 25KG,BARFLOW_TA11
1000674421,TA11,PRD2,101,EM entrée en stock,,4901256368,28.09.2026,750,KG,PF GRANULE PP SAC 25KG,BARFLOW_TA11
1000674421,TA11,PRD2,101,EM entrée en stock,,4901256370,28.09.2026,750,KG,PF GRANULE PP SAC 25KG,BARFLOW_TA11
1000674421,TA11,PRD2,101,EM entrée en stock,,4901256373,28.09.2026,750,KG,PF GRANULE PP SAC 25KG,BARFLOW_TA11
1000435003,TA11,PRD2,101,EM entrée en stock,,4901256410,29.09.2026,120,PC,PF CAPTEUR TEMPERATURE REF 17,BARFLOW_TA11
1000435003,TA11,PRD2,101,EM entrée en stock,,4901256413,29.09.2026,120,PC,PF CAPTEUR TEMPERATURE REF 17,BARFLOW_TA11
1000435003,TA11,PRD2,101,EM entrée en stock,,4901256416,29.09.2026,120,PC,PF CAPTEUR TEMPERATURE REF 17,BARFLOW_TA11
1000435003,TA11,PRD2,101,EM entrée en stock,,4901256420,29.09.2026,120,PC,PF CAPTEUR TEMPERATURE REF 17,BARFLOW_TA11
1000435003,TA11,PRD2,101,EM entrée en stock,,4901256422,29.09.2026,120,PC,PF CAPTEUR TEMPERATURE REF 17,BARFLOW_TA11
1000435003,TA11,PRD2,101,EM entrée en stock,,4901256424,29.09.2026,120,PC,PF CAPTEUR TEMPERATURE REF 17,BARFLOW_TA11
1000435003,TA11,PRD2,101,EM entrée en stock,,4901256429,29.09.2026,120,PC,PF CAPTEUR TEMPERATURE REF 17,BARFLOW_TA11
1000435003,TA11,PRD2,101,EM entrée en stock,,4901256431,29.09.2026,120,PC,PF CAPTEUR TEMPERATURE REF 17,BARFLOW_TA11
1000435003,TA11,PRD2,101,EM entrée en stock,,4901256434,29.09.2026,120,PC,PF CAPTEUR TEMPERATURE REF 17,BARFLOW_TA11
1000435003,TA11,PRD2,101,EM entrée en stock,,4901256441,29.09.2026,67,PC,PF CAPTEUR TEMPERATURE REF 17,BARFLOW_TA11
1000730226,TA11,PRD2,101,EM entrée en stock,,4901256453,29.09.2026,24,PC,PF CAPOT MOTEUR GRIS REF 02,BARFLOW_TA11
1000730226,TA11,PRD2,101,EM entrée en stock,,4901256458,29.09.2026,24,PC,PF CAPOT MOTEUR GRIS REF 02,BARFLOW_TA11
1000730226,TA11,PRD2,101,EM entrée en stock,,4901256463,29.09.2026,24,PC,PF CAPOT MOTEUR GRIS REF 02,BARFLOW_TA11
1000730226,TA11,PRD2,101,EM entrée en stock,,4901256471,29.09.2026,24,PC,PF CAPOT MOTEUR GRIS REF 02,BARFLOW_TA11
1000887507,TA11,PRD2,101,EM entrée en stock,,4901256473,29.09.2026,600,KG,PF COMPOUND ABS VRAC OCTABIN,BARFLOW_TA11
1000730226,TA11,PRD2,101,EM entrée en stock,,4901256476,29.09.2026,24,PC,PF CAPOT MOTEUR GRIS REF 02,BARFLOW_TA11
1000887507,TA11,PRD2,101,EM entrée en stock,,4901256481,29.09.2026,600,KG,PF COMPOUND ABS VRAC OCTABIN,BARFLOW_TA11
1000887507,TA11,PRD2,101,EM entrée en stock,,4901256483,29.09.2026,600,KG,PF COMPOUND ABS VRAC OCTABIN,BARFLOW_TA11
1000887507,TA11,PRD2,101,EM entrée en stock,,4901256488,29.09.2026,600,KG,PF COMPOUND ABS VRAC OCTABIN,BARFLOW_TA11
1000983322,TA11,PRD2,101,EM entrée en stock,,4901256491,29.09.2026,96,PC,PF POIGNEE PORTE CHROME REF 09,BARFLOW_TA11
1000983322,TA11,PRD2,101,EM entrée en stock,,4901256499,29.09.2026,96,PC,PF POIGNEE PORTE CHROME REF 09,BARFLOW_TA11
1000983322,TA11,PRD2,101,EM entrée en stock,,4901256504,29.09.2026,96,PC,PF POIGNEE PORTE CHROME REF 09,BARFLOW_TA11
1000983322,TA11,PRD2,101,EM entrée en stock,,4901256508,29.09.2026,96,PC,PF POIGNEE PORTE CHROME REF 09,BARFLOW_TA11
1000216115,TA11,PRD2,101,EM entrée en stock,,4901256509,29.09.2026,480,PC,PF PLAQUE INSONORISANTE REF 33,BARFLOW_TA11
1000216115,TA11,PRD2,101,EM entrée en stock,,4901256512,29.09.2026,480,PC,PF PLAQUE INSONORISANTE REF 33,BARFLOW_TA11
1000216115,TA11,PRD2,101,EM entrée en stock,,4901256519,29.09.2026,480,PC,PF PLAQUE INSONORISANTE REF 33,BARFLOW_TA11
1000216115,TA11,PRD2,101,EM entrée en stock,,4901256522,29.09.2026,480,PC,PF PLAQUE INSONORISANTE REF 33,BARFLOW_TA11
1000216115,TA11,PRD2,101,EM entrée en stock,,4901256523,29.09.2026,480,PC,PF PLAQUE INSONORISANTE REF 33,BARFLOW_TA11
1000216115,TA11,PRD2,101,EM entrée en stock,,4901256529,29.09.2026,480,PC,PF PLAQUE INSONORISANTE REF 33,BARFLOW_TA11
1000216115,TA11,PRD2,101,EM entrée en stock,,4901256532,29.09.2026,480,PC,PF PLAQUE INSONORISANTE REF 33,BARFLOW_TA11
1000571497,TA11,PRD2,101,EM entrée en stock,,4901256538,29.09.2026,96,PC,PF CARTER NOUVELLE VERSION REF 35,BARFLOW_TA11
1000216115,TA11,PRD2,101,EM entrée en stock,,4901256539,29.09.2026,480,PC,PF PLAQUE INSONORISANTE REF 33,BARFLOW_TA11
1000216115,TA11,PRD2,101,EM entrée en stock,,4901256543,29.09.2026,480,PC,PF PLAQUE INSONORISANTE REF 33,BARFLOW_TA11
1000571497,TA11,PRD2,101,EM entrée en stock,,4901256544,29.09.2026,96,PC,PF CARTER NOUVELLE VERSION REF 35,BARFLOW_TA11
1000216115,TA11,PRD2,101,EM entrée en stock,,4901256549,29.09.2026,480,PC,PF PLAQUE INSONORISANTE REF 33,BARFLOW_TA11
1000571497,TA11,PRD2,101,EM entrée en stock,,4901256556,29.09.2026,96,PC,PF CARTER NOUVELLE VERSION REF 35,BARFLOW_TA11
1000216115,TA11,PRD2,101,EM entrée en stock,,4901256557,29.09.2026,480,PC,PF PLAQUE INSONORISANTE REF 33,PLANIF01
1000216115,TA11,PRD2,101,EM entrée en stock,,4901256559,29.09.2026,480,PC,PF PLAQUE INSONORISANTE REF 33,BARFLOW_TA11
1000818461,TA11,PRD2,101,EM entrée en stock,,4901256576,29.09.2026,36,PC,PF CONSOLE CENTRALE REF 24,BARFLOW_TA11
1000818461,TA11,PRD2,101,EM entrée en stock,,4901256587,29.09.2026,36,PC,PF CONSOLE CENTRALE REF 24,PLANIF01
1000818461,TA11,PRD2,101,EM entrée en stock,,4901256589,29.09.2026,36,PC,PF CONSOLE CENTRALE REF 24,BARFLOW_TA11
1000954340,TA11,PRD2,101,EM entrée en stock,,4901256596,29.09.2026,960,PC,PF FILTRE HABITACLE REF 27,PLANIF01
1000921426,TA11,PRD2,101,EM entrée en stock,,4901256602,29.09.2026,200,PC,PF CONDUIT AIR 80MM REF 15,BARFLOW_TA11
1000202814,TA11,PRD2,101,EM entrée en stock,,4901256606,29.09.2026,432,PC,PF CARTER PROTECTION NOIR REF 06,PLANIF01
1000954340,TA11,PRD2,101,EM entrée en stock,,4901256607,29.09.2026,480,PC,PF FILTRE HABITACLE REF 27,BARFLOW_TA11
1000921426,TA11,PRD2,101,EM entrée en stock,,4901256608,29.09.2026,200,PC,PF CONDUIT AIR 80MM REF 15,BARFLOW_TA11
1000954340,TA11,PRD2,101,EM entrée en stock,,4901256613,29.09.2026,480,PC,PF FILTRE HABITACLE REF 27,BARFLOW_TA11
1000921426,TA11,PRD2,101,EM entrée en stock,,4901256614,29.09.2026,200,PC,PF CONDUIT AIR 80MM REF 15,PLANIF01
1000921426,TA11,PRD2,101,EM entrée en stock,,4901256617,29.09.2026,200,PC,PF CONDUIT AIR 80MM REF 15,BARFLOW_TA11
1000202814,TA11,PRD2,101,EM entrée en stock,,4901256618,29.09.2026,144,PC,PF CARTER PROTECTION NOIR REF 06,BARFLOW_TA11
1000614102,TA11,PRD2,101,EM entrée en stock,,4901256623,29.09.2026,48,PC,PF SUPPORT FIXATION ACIER REF 03,BARFLOW_TA11
1000921426,TA11,PRD2,101,EM entrée en stock,,4901256629,29.09.2026,200,PC,PF CONDUIT AIR 80MM REF 15,BARFLOW_TA11
1000614102,TA11,PRD2,101,EM entrée en stock,,4901256632,29.09.2026,48,PC,PF SUPPORT FIXATION ACIER REF 03,BARFLOW_TA11
1000202814,TA11,PRD2,101,EM entrée en stock,,4901256636,29.09.2026,144,PC,PF CARTER PROTECTION NOIR REF 06,BARFLOW_TA11
1000921426,TA11,PRD2,101,EM entrée en stock,,4901256642,29.09.2026,200,PC,PF CONDUIT AIR 80MM REF 15,BARFLOW_TA11
1000614102,TA11,PRD2,101,EM entrée en stock,,4901256644,29.09.2026,48,PC,PF SUPPORT FIXATION ACIER REF 03,BARFLOW_TA11
1000202814,TA11,PRD2,101,EM entrée en stock,,4901256646,29.09.2026,144,PC,PF CARTER PROTECTION NOIR REF 06,BARFLOW_TA11
1000614102,TA11,PRD2,101,EM entrée en stock,,4901256647,29.09.2026,48,PC,PF SUPPORT FIXATION ACIER REF 03,BARFLOW_TA11
1000921426,TA11,PRD2,101,EM entrée en stock,,4901256650,29.09.2026,200,PC,PF CONDUIT AIR 80MM REF 15,BARFLOW_TA11
1000202814,TA11,PRD2,101,EM entrée en stock,,4901256651,29.09.2026,144,PC,PF CARTER PROTECTION NOIR REF 06,BARFLOW_TA11
1000921426,TA11,PRD2,101,EM entrée en stock,,4901256654,29.09.2026,200,PC,PF CONDUIT AIR 80MM REF 15,BARFLOW_TA11
1000320436,TA11,PRD2,101,EM entrée en stock,,4901256676,29.09.2026,60,PC,PF JOINT ETANCHEITE 60MM REF 10,BARFLOW_TA11
1000320436,TA11,PRD2,101,EM entrée en stock,,4901256680,29.09.2026,60,PC,PF JOINT ETANCHEITE 60MM REF 10,BARFLOW_TA11
1000320436,TA11,PRD2,101,EM entrée en stock,,4901256682,29.09.2026,60,PC,PF JOINT ETANCHEITE 60MM REF 10,BARFLOW_TA11
1000429497,TA11,PRD2,101,EM entrée en stock,,4901256688,29.09.2026,96,PC,PF PANNEAU PORTE DROIT REF 22,BARFLOW_TA11
1000429497,TA11,PRD2,101,EM entrée en stock,,4901256693,29.09.2026,384,PC,PF PANNEAU PORTE DROIT REF 22,PLANIF01
1000866025,TA11,PRD2,101,EM entrée en stock,,4901256707,29.09.2026,144,PC,PF GAINE ELECTRIQUE 25MM REF 25,BARFLOW_TA11
1000429497,TA11,PRD2,101,EM entrée en stock,,4901256709,29.09.2026,86,PC,PF PANNEAU PORTE DROIT REF 22,BARFLOW_TA11
1000866025,TA11,PRD2,101,EM entrée en stock,,4901256710,29.09.2026,144,PC,PF GAINE ELECTRIQUE 25MM REF 25,BARFLOW_TA11
1000636685,TA11,PRD2,101,EM entrée en stock,,4901256733,30.09.2026,200,PC,PF TUYAU REFROIDISSEMENT REF 28,BARFLOW_TA11
1000636685,TA11,PRD2,101,EM entrée en stock,,4901256734,30.09.2026,200,PC,PF TUYAU REFROIDISSEMENT REF 28,BARFLOW_TA11
1000636685,TA11,PRD2,101,EM entrée en stock,,4901256735,30.09.2026,200,PC,PF TUYAU REFROIDISSEMENT REF 28,BARFLOW_TA11
1000636685,TA11,PRD2,101,EM entrée en stock,,4901256742,30.09.2026,200,PC,PF TUYAU REFROIDISSEMENT REF 28,BARFLOW_TA11
1000636685,TA11,PRD2,101,EM entrée en stock,,4901256745,30.09.2026,200,PC,PF TUYAU REFROIDISSEMENT REF 28,BARFLOW_TA11
1000614102,TA11,PRD2,101,EM entrée en stock,,4901256755,30.09.2026,192,PC,PF SUPPORT FIXATION ACIER REF 03,PLANIF01
1000954340,TA11,PRD2,101,EM entrée en stock,,4901256761,30.09.2026,1440,PC,PF FILTRE HABITACLE REF 27,PLANIF01
1000614750,TA11,PRD2,101,EM entrée en stock,,4901256767,30.09.2026,120,PC,PF COQUE RETROVISEUR REF 32,BARFLOW_TA11
1000614102,TA11,PRD2,101,EM entrée en stock,,4901256770,30.09.2026,48,PC,PF SUPPORT FIXATION ACIER REF 03,BARFLOW_TA11
1000614102,TA11,PRD2,101,EM entrée en stock,,4901256772,30.09.2026,48,PC,PF SUPPORT FIXATION ACIER REF 03,BARFLOW_TA11
1000614750,TA11,PRD2,101,EM entrée en stock,,4901256774,30.09.2026,120,PC,PF COQUE RETROVISEUR REF 32,BARFLOW_TA11
1000954340,TA11,PRD2,101,EM entrée en stock,,4901256780,30.09.2026,480,PC,PF FILTRE HABITACLE REF 27,BARFLOW_TA11
1000614102,TA11,PRD2,101,EM entrée en stock,,4901256790,30.09.2026,48,PC,PF SUPPORT FIXATION ACIER REF 03,BARFLOW_TA11
1000614750,TA11,PRD2,101,EM entrée en stock,,4901256791,30.09.2026,120,PC,PF COQUE RETROVISEUR REF 32,BARFLOW_TA11
1000954340,TA11,PRD2,101,EM entrée en stock,,4901256792,30.09.2026,480,PC,PF FILTRE HABITACLE REF 27,BARFLOW_TA11
1000614102,TA11,PRD2,101,EM entrée en stock,,4901256799,30.09.2026,48,PC,PF SUPPORT FIXATION ACIER REF 03,BARFLOW_TA11
1000614750,TA11,PRD2,101,EM entrée en stock,,4901256802,30.09.2026,360,PC,PF COQUE RETROVISEUR REF 32,PLANIF01
1000954340,TA11,PRD2,101,EM entrée en stock,,4901256803,30.09.2026,480,PC,PF FILTRE HABITACLE REF 27,BARFLOW_TA11
1000614102,TA11,PRD2,101,EM entrée en stock,,4901256805,30.09.2026,24,PC,PF SUPPORT FIXATION ACIER REF 03,BARFLOW_TA11
1000614750,TA11,PRD2,101,EM entrée en stock,,4901256820,30.09.2026,120,PC,PF COQUE RETROVISEUR REF 32,BARFLOW_TA11
1000914295,TA11,PRD2,101,EM entrée en stock,,4901256838,30.09.2026,320,PC,PF CONNECTEUR 4 VOIES REF 04,BARFLOW_TA11
1000914295,TA11,PRD2,101,EM entrée en stock,,4901256847,30.09.2026,320,PC,PF CONNECTEUR 4 VOIES REF 04,BARFLOW_TA11
1000914295,TA11,PRD2,101,EM entrée en stock,,4901256854,30.09.2026,320,PC,PF CONNECTEUR 4 VOIES REF 04,BARFLOW_TA11
1000914295,TA11,PRD2,101,EM entrée en stock,,4901256858,30.09.2026,320,PC,PF CONNECTEUR 4 VOIES REF 04,BARFLOW_TA11
1000914295,TA11,PRD2,101,EM entrée en stock,,4901256859,30.09.2026,320,PC,PF CONNECTEUR 4 VOIES REF 04,BARFLOW_TA11
1000914295,TA11,PRD2,101,EM entrée en stock,,4901256867,30.09.2026,320,PC,PF CONNECTEUR 4 VOIES REF 04,BARFLOW_TA11
1000674421,TA11,PRD2,101,EM entrée en stock,,4901256868,30.09.2026,750,KG,PF GRANULE PP SAC 25KG,BARFLOW_TA11
1000914295,TA11,PRD2,101,EM entrée en stock,,4901256869,30.09.2026,640,PC,PF CONNECTEUR 4 VOIES REF 04,PLANIF01
1000674421,TA11,PRD2,101,EM entrée en stock,,4901256872,30.09.2026,750,KG,PF GRANULE PP SAC 25KG,BARFLOW_TA11
1000674421,TA11,PRD2,101,EM entrée en stock,,4901256878,30.09.2026,3000,KG,PF GRANULE PP SAC 25KG,PLANIF01
1000914295,TA11,PRD2,101,EM entrée en stock,,4901256883,30.09.2026,320,PC,PF CONNECTEUR 4 VOIES REF 04,BARFLOW_TA11
1000956436,TA11,PRD2,101,EM entrée en stock,,4901256890,30.09.2026,600,KG,PF MELANGE MAITRE BLANC SAC,BARFLOW_TA11
1000571497,TA11,PRD2,101,EM entrée en stock,,4901256894,30.09.2026,96,PC,PF CARTER NOUVELLE VERSION REF 35,BARFLOW_TA11
1000956436,TA11,PRD2,101,EM entrée en stock,,4901256895,30.09.2026,600,KG,PF MELANGE MAITRE BLANC SAC,BARFLOW_TA11
1000571497,TA11,PRD2,101,EM entrée en stock,,4901256898,30.09.2026,96,PC,PF CARTER NOUVELLE VERSION REF 35,BARFLOW_TA11
1000674421,TA11,PRD2,101,EM entrée en stock,,4901256900,30.09.2026,750,KG,PF GRANULE PP SAC 25KG,BARFLOW_TA11
1000571497,TA11,PRD2,101,EM entrée en stock,,4901256907,30.09.2026,96,PC,PF CARTER NOUVELLE VERSION REF 35,BARFLOW_TA11
1000956436,TA11,PRD2,101,EM entrée en stock,,4901256913,30.09.2026,600,KG,PF MELANGE MAITRE BLANC SAC,BARFLOW_TA11
1000571497,TA11,PRD2,101,EM entrée en stock,,4901256914,30.09.2026,70,PC,PF CARTER NOUVELLE VERSION REF 35,BARFLOW_TA11
1000674421,TA11,PRD2,101,EM entrée en stock,,4901256916,30.09.2026,750,KG,PF GRANULE PP SAC 25KG,BARFLOW_TA11
1000956436,TA11,PRD2,101,EM entrée en stock,,4901256918,30.09.2026,600,KG,PF MELANGE MAITRE BLANC SAC,BARFLOW_TA11
1000910625,TA11,PRD2,101,EM entrée en stock,,4901256921,30.09.2026,72,PC,PF ECROU PLASTIQUE M8 REF 29,BARFLOW_TA11
1000674421,TA11,PRD2,101,EM entrée en stock,,4901256922,30.09.2026,750,KG,PF GRANULE PP SAC 25KG,BARFLOW_TA11
1000910625,TA11,PRD2,101,EM entrée en stock,,4901256925,30.09.2026,72,PC,PF ECROU PLASTIQUE M8 REF 29,BARFLOW_TA11
1000956436,TA11,PRD2,101,EM entrée en stock,,4901256928,30.09.2026,1200,KG,PF MELANGE MAITRE BLANC SAC,PLANIF01
1000921426,TA11,PRD2,101,EM entrée en stock,,4901256930,30.09.2026,200,PC,PF CONDUIT AIR 80MM REF 15,BARFLOW_TA11
1000910625,TA11,PRD2,101,EM entrée en stock,,4901256931,30.09.2026,72,PC,PF ECROU PLASTIQUE M8 REF 29,BARFLOW_TA11
1000921426,TA11,PRD2,101,EM entrée en stock,,4901256936,30.09.2026,200,PC,PF CONDUIT AIR 80MM REF 15,BARFLOW_TA11
1000910625,TA11,PRD2,101,EM entrée en stock,,4901256938,30.09.2026,72,PC,PF ECROU PLASTIQUE M8 REF 29,BARFLOW_TA11
1000921426,TA11,PRD2,101,EM entrée en stock,,4901256939,30.09.2026,200,PC,PF CONDUIT AIR 80MM REF 15,BARFLOW_TA11
1000910625,TA11,PRD2,101,EM entrée en stock,,4901256942,30.09.2026,72,PC,PF ECROU PLASTIQUE M8 REF 29,BARFLOW_TA11
1000910625,TA11,PRD2,101,EM entrée en stock,,4901256946,30.09.2026,72,PC,PF ECROU PLASTIQUE M8 REF 29,BARFLOW_TA11
1000921426,TA11,PRD2,101,EM entrée en stock,,4901256947,30.09.2026,200,PC,PF CONDUIT AIR 80MM REF 15,BARFLOW_TA11
1000921426,TA11,PRD2,101,EM entrée en stock,,4901256964,30.09.2026,200,PC,PF CONDUIT AIR 80MM REF 15,BARFLOW_TA11
1000921426,TA11,PRD2,101,EM entrée en stock,,4901256971,30.09.2026,200,PC,PF CONDUIT AIR 80MM REF 15,BARFLOW_TA11
1000921426,TA11,PRD2,101,EM entrée en stock,,4901256979,30.09.2026,200,PC,PF CONDUIT AIR 80MM REF 15,BARFLOW_TA11
1000818461,TA11,PRD2,101,EM entrée en stock,,4901257010,01.10.2026,36,PC,PF CONSOLE CENTRALE REF 24,BARFLOW_TA11
1000818461,TA11,PRD2,101,EM entrée en stock,,4901257013,01.10.2026,108,PC,PF CONSOLE CENTRALE REF 24,PLANIF01
1000818461,TA11,PRD2,101,EM entrée en stock,,4901257018,01.10.2026,36,PC,PF CONSOLE CENTRALE REF 24,BARFLOW_TA11
1000954340,TA11,PRD2,101,EM entrée en stock,,4901257045,01.10.2026,480,PC,PF FILTRE HABITACLE REF 27,BARFLOW_TA11
1000954340,TA11,PRD2,101,EM entrée en stock,,4901257051,01.10.2026,480,PC,PF FILTRE HABITACLE REF 27,BARFLOW_TA11
1000954340,TA11,PRD2,101,EM entrée en stock,,4901257052,01.10.2026,480,PC,PF FILTRE HABITACLE REF 27,BARFLOW_TA11
1000954340,TA11,PRD2,101,EM entrée en stock,,4901257062,01.10.2026,480,PC,PF FILTRE HABITACLE REF 27,BARFLOW_TA11
1000954340,TA11,PRD2,101,EM entrée en stock,,4901257065,01.10.2026,480,PC,PF FILTRE HABITACLE REF 27,BARFLOW_TA11
1000954340,TA11,PRD2,101,EM entrée en stock,,4901257071,01.10.2026,480,PC,PF FILTRE HABITACLE REF 27,BARFLOW_TA11
1000429497,TA11,PRD2,101,EM entrée en stock,,4901257072,01.10.2026,96,PC,PF PANNEAU PORTE DROIT REF 22,BARFLOW_TA11
1000954340,TA11,PRD2,101,EM entrée en stock,,4901257079,01.10.2026,480,PC,PF FILTRE HABITACLE REF 27,BARFLOW_TA11
1000429497,TA11,PRD2,101,EM entrée en stock,,4901257084,01.10.2026,96,PC,PF PANNEAU PORTE DROIT REF 22,BARFLOW_TA11
1000954340,TA11,PRD2,101,EM entrée en stock,,4901257087,01.10.2026,480,PC,PF FILTRE HABITACLE REF 27,BARFLOW_TA11
1000683594,TA11,PRD2,101,EM entrée en stock,E,4901257090,01.10.2026,96,PC,PF BOITIER SERIE SPECIALE REF 34,PLANIF01
1000429497,TA11,PRD2,101,EM entrée en stock,,4901257091,01.10.2026,96,PC,PF PANNEAU PORTE DROIT REF 22,BARFLOW_TA11
1000429497,TA11,PRD2,101,EM entrée en stock,,4901257095,01.10.2026,96,PC,PF PANNEAU PORTE DROIT REF 22,BARFLOW_TA11
1000429497,TA11,PRD2,101,EM entrée en stock,,4901257103,01.10.2026,96,PC,PF PANNEAU PORTE DROIT REF 22,BARFLOW_TA11
1000429497,TA11,PRD2,101,EM entrée en stock,,4901257104,01.10.2026,96,PC,PF PANNEAU PORTE DROIT REF 22,BARFLOW_TA11
1000429497,TA11,PRD2,101,EM entrée en stock,,4901257109,01.10.2026,96,PC,PF PANNEAU PORTE DROIT REF 22,BARFLOW_TA11
1000778636,TA11,PRD2,101,EM entrée en stock,,4901257110,01.10.2026,144,PC,PF GRILLE AERATION BLANCHE REF 08,BARFLOW_TA11
1000429497,TA11,PRD2,101,EM entrée en stock,,4901257112,01.10.2026,96,PC,PF PANNEAU PORTE DROIT REF 22,BARFLOW_TA11
1000778636,TA11,PRD2,101,EM entrée en stock,,4901257114,01.10.2026,144,PC,PF GRILLE AERATION BLANCHE REF 08,BARFLOW_TA11
1000778636,TA11,PRD2,101,EM entrée en stock,,4901257120,01.10.2026,144,PC,PF GRILLE AERATION BLANCHE REF 08,BARFLOW_TA11
1000429497,TA11,PRD2,101,EM entrée en stock,,4901257122,01.10.2026,96,PC,PF PANNEAU PORTE DROIT REF 22,BARFLOW_TA11
1000778636,TA11,PRD2,101,EM entrée en stock,,4901257125,01.10.2026,144,PC,PF GRILLE AERATION BLANCHE REF 08,BARFLOW_TA11
1000429497,TA11,PRD2,101,EM entrée en stock,,4901257130,01.10.2026,96,PC,PF PANNEAU PORTE DROIT REF 22,BARFLOW_TA11
1000778636,TA11,PRD2,101,EM entrée en stock,,4901257135,01.10.2026,144,PC,PF GRILLE AERATION BLANCHE REF 08,BARFLOW_TA11
1000778636,TA11,PRD2,101,EM entrée en stock,,4901257140,01.10.2026,144,PC,PF GRILLE AERATION BLANCHE REF 08,BARFLOW_TA11
1000887507,TA11,PRD2,101,EM entrée en stock,,4901257144,01.10.2026,600,KG,PF COMPOUND ABS VRAC OCTABIN,BARFLOW_TA11
1000320436,TA11,PRD2,101,EM entrée en stock,,4901257150,01.10.2026,60,PC,PF JOINT ETANCHEITE 60MM REF 10,BARFLOW_TA11
1000887507,TA11,PRD2,101,EM entrée en stock,,4901257151,01.10.2026,600,KG,PF COMPOUND ABS VRAC OCTABIN,BARFLOW_TA11
1000320436,TA11,PRD2,101,EM entrée en stock,,4901257154,01.10.2026,180,PC,PF JOINT ETANCHEITE 60MM REF 10,PLANIF01
1000887507,TA11,PRD2,101,EM entrée en stock,,4901257159,01.10.2026,600,KG,PF COMPOUND ABS VRAC OCTABIN,BARFLOW_TA11
1000887507,TA11,PRD2,101,EM entrée en stock,,4901257160,01.10.2026,600,KG,PF COMPOUND ABS VRAC OCTABIN,BARFLOW_TA11
1000562521,TA11,PRD2,101,EM entrée en stock,,4901257163,01.10.2026,144,PC,PF BRIDE SERRAGE INOX REF 16,BARFLOW_TA11
1000887507,TA11,PRD2,101,EM entrée en stock,,4901257171,01.10.2026,2400,KG,PF COMPOUND ABS VRAC OCTABIN,PLANIF01
1000562521,TA11,PRD2,101,EM entrée en stock,,4901257178,01.10.2026,144,PC,PF BRIDE SERRAGE INOX REF 16,BARFLOW_TA11
1000562521,TA11,PRD2,101,EM entrée en stock,,4901257187,01.10.2026,144,PC,PF BRIDE SERRAGE INOX REF 16,BARFLOW_TA11
1000562521,TA11,PRD2,101,EM entrée en stock,,4901257200,01.10.2026,144,PC,PF BRIDE SERRAGE INOX REF 16,BARFLOW_TA11
1000562521,TA11,PRD2,101,EM entrée en stock,,4901257214,01.10.2026,112,PC,PF BRIDE SERRAGE INOX REF 16,BARFLOW_TA11
1000887507,TA11,PRD2,101,EM entrée en stock,,4901257217,01.10.2026,470.75,KG,PF COMPOUND ABS VRAC OCTABIN,BARFLOW_TA11
1000351589,TA11,PRD2,101,EM entrée en stock,,4901257231,01.10.2026,48,PC,PF BOITIER COMMANDE REF 31,BARFLOW_TA11
1000751673,TA11,PRD2,101,EM entrée en stock,,4901257234,01.10.2026,200,PC,PF BOUCHON RESERVOIR REF 07,BARFLOW_TA11
1000351589,TA11,PRD2,101,EM entrée en stock,,4901257237,01.10.2026,48,PC,PF BOITIER COMMANDE REF 31,BARFLOW_TA11
1000751673,TA11,PRD2,101,EM entrée en stock,,4901257240,01.10.2026,200,PC,PF BOUCHON RESERVOIR REF 07,BARFLOW_TA11
1000351589,TA11,PRD2,101,EM entrée en stock,,4901257243,01.10.2026,48,PC,PF BOITIER COMMANDE REF 31,BARFLOW_TA11
1000751673,TA11,PRD2,101,EM entrée en stock,,4901257246,01.10.2026,200,PC,PF BOUCHON RESERVOIR REF 07,BARFLOW_TA11
1000351589,TA11,PRD2,101,EM entrée en stock,,4901257249,01.10.2026,96,PC,PF BOITIER COMMANDE REF 31,PLANIF01
1000351589,TA11,PRD2,101,EM entrée en stock,,4901257260,01.10.2026,96,PC,PF BOITIER COMMANDE REF 31,PLANIF01
1000744039,TA11,PRD2,101,EM entrée en stock,,4901257262,01.10.2026,480,PC,PF PATTE FIXATION REF 26,BARFLOW_TA11
1000351589,TA11,PRD2,101,EM entrée en stock,,4901257264,01.10.2026,48,PC,PF BOITIER COMMANDE REF 31,PLANIF01
1000744039,TA11,PRD2,101,EM entrée en stock,,4901257266,01.10.2026,480,PC,PF PATTE FIXATION REF 26,BARFLOW_TA11
1000571497,TA11,PRD2,101,EM entrée en stock,,4901257268,01.10.2026,96,PC,PF CARTER NOUVELLE VERSION REF 35,BARFLOW_TA11
1000351589,TA11,PRD2,101,EM entrée en stock,,4901257271,01.10.2026,48,PC,PF BOITIER COMMANDE REF 31,BARFLOW_TA11
1000744039,TA11,PRD2,101,EM entrée en stock,,4901257272,01.10.2026,480,PC,PF PATTE FIXATION REF 26,PLANIF01
1000571497,TA11,PRD2,101,EM entrée en stock,,4901257273,01.10.2026,192,PC,PF CARTER NOUVELLE VERSION REF 35,PLANIF01
1000351589,TA11,PRD2,101,EM entrée en stock,,4901257281,01.10.2026,48,PC,PF BOITIER COMMANDE REF 31,BARFLOW_TA11
1000744039,TA11,PRD2,101,EM entrée en stock,,4901257284,01.10.2026,480,PC,PF PATTE FIXATION REF 26,BARFLOW_TA11
1000351589,TA11,PRD2,101,EM entrée en stock,,4901257290,01.10.2026,48,PC,PF BOITIER COMMANDE REF 31,BARFLOW_TA11
1000744039,TA11,PRD2,101,EM entrée en stock,,4901257293,01.10.2026,480,PC,PF PATTE FIXATION REF 26,BARFLOW_TA11
1000351589,TA11,PRD2,101,EM entrée en stock,,4901257297,01.10.2026,31,PC,PF BOITIER COMMANDE REF 31,BARFLOW_TA11
1000744039,TA11,PRD2,101,EM entrée en stock,,4901257300,01.10.2026,480,PC,PF PATTE FIXATION REF 26,BARFLOW_TA11
1000744039,TA11,PRD2,101,EM entrée en stock,,4901257309,01.10.2026,480,PC,PF PATTE FIXATION REF 26,BARFLOW_TA11
1000744039,TA11,PRD2,101,EM entrée en stock,,4901257311,01.10.2026,417,PC,PF PATTE FIXATION REF 26,BARFLOW_TA11
1000744039,TA11,PRD2,101,EM entrée en stock,,4901257329,02.10.2026,480,PC,PF PATTE FIXATION REF 26,BARFLOW_TA11
1000744039,TA11,PRD2,101,EM entrée en stock,,4901257336,02.10.2026,480,PC,PF PATTE FIXATION REF 26,BARFLOW_TA11
1000744039,TA11,PRD2,101,EM entrée en stock,,4901257339,02.10.2026,480,PC,PF PATTE FIXATION REF 26,BARFLOW_TA11
1000744039,TA11,PRD2,101,EM entrée en stock,,4901257345,02.10.2026,480,PC,PF PATTE FIXATION REF 26,BARFLOW_TA11
1000744039,TA11,PRD2,101,EM entrée en stock,,4901257351,02.10.2026,480,PC,PF PATTE FIXATION REF 26,BARFLOW_TA11
1000351589,TA11,PRD2,101,EM entrée en stock,,4901257354,02.10.2026,48,PC,PF BOITIER COMMANDE REF 31,BARFLOW_TA11
1000744039,TA11,PRD2,101,EM entrée en stock,,4901257356,02.10.2026,480,PC,PF PATTE FIXATION REF 26,BARFLOW_TA11
1000351589,TA11,PRD2,101,EM entrée en stock,,4901257358,02.10.2026,48,PC,PF BOITIER COMMANDE REF 31,BARFLOW_TA11
1000351589,TA11,PRD2,101,EM entrée en stock,,4901257366,02.10.2026,48,PC,PF BOITIER COMMANDE REF 31,BARFLOW_TA11
1000102657,TA11,PRD2,101,EM entrée en stock,,4901257367,02.10.2026,144,PC,PF BAC RANGEMENT REF 23,BARFLOW_TA11
1000351589,TA11,PRD2,101,EM entrée en stock,,4901257375,02.10.2026,48,PC,PF BOITIER COMMANDE REF 31,BARFLOW_TA11
1000102657,TA11,PRD2,101,EM entrée en stock,,4901257383,02.10.2026,144,PC,PF BAC RANGEMENT REF 23,BARFLOW_TA11
1000351589,TA11,PRD2,101,EM entrée en stock,,4901257388,02.10.2026,48,PC,PF BOITIER COMMANDE REF 31,BARFLOW_TA11
1000102657,TA11,PRD2,101,EM entrée en stock,,4901257391,02.10.2026,144,PC,PF BAC RANGEMENT REF 23,BARFLOW_TA11
1000102657,TA11,PRD2,101,EM entrée en stock,,4901257400,02.10.2026,144,PC,PF BAC RANGEMENT REF 23,BARFLOW_TA11
1000351589,TA11,PRD2,101,EM entrée en stock,,4901257402,02.10.2026,48,PC,PF BOITIER COMMANDE REF 31,BARFLOW_TA11
1000102657,TA11,PRD2,101,EM entrée en stock,,4901257407,02.10.2026,144,PC,PF BAC RANGEMENT REF 23,PLANIF01
1000351589,TA11,PRD2,101,EM entrée en stock,,4901257410,02.10.2026,48,PC,PF BOITIER COMMANDE REF 31,BARFLOW_TA11
1000102657,TA11,PRD2,101,EM entrée en stock,,4901257417,02.10.2026,144,PC,PF BAC RANGEMENT REF 23,BARFLOW_TA11
1000351589,TA11,PRD2,101,EM entrée en stock,,4901257423,02.10.2026,48,PC,PF BOITIER COMMANDE REF 31,BARFLOW_TA11
1000351589,TA11,PRD2,101,EM entrée en stock,,4901257426,02.10.2026,48,PC,PF BOITIER COMMANDE REF 31,BARFLOW_TA11
1000216115,TA11,PRD2,101,EM entrée en stock,,4901257450,02.10.2026,1440,PC,PF PLAQUE INSONORISANTE REF 33,PLANIF01
1000614750,TA11,PRD2,101,EM entrée en stock,,4901257453,02.10.2026,120,PC,PF COQUE RETROVISEUR REF 32,BARFLOW_TA11
1000614750,TA11,PRD2,101,EM entrée en stock,,4901257460,02.10.2026,120,PC,PF COQUE RETROVISEUR REF 32,BARFLOW_TA11
1000614750,TA11,PRD2,101,EM entrée en stock,,4901257464,02.10.2026,120,PC,PF COQUE RETROVISEUR REF 32,BARFLOW_TA11
1000216115,TA11,PRD2,101,EM entrée en stock,,4901257465,02.10.2026,480,PC,PF PLAQUE INSONORISANTE REF 33,BARFLOW_TA11
1000614750,TA11,PRD2,101,EM entrée en stock,,4901257468,02.10.2026,120,PC,PF COQUE RETROVISEUR REF 32,BARFLOW_TA11
1000216115,TA11,PRD2,101,EM entrée en stock,,4901257476,02.10.2026,480,PC,PF PLAQUE INSONORISANTE REF 33,BARFLOW_TA11
1000216115,TA11,PRD2,101,EM entrée en stock,,4901257482,02.10.2026,480,PC,PF PLAQUE INSONORISANTE REF 33,BARFLOW_TA11
1000216115,TA11,PRD2,101,EM entrée en stock,,4901257489,02.10.2026,480,PC,PF PLAQUE INSONORISANTE REF 33,BARFLOW_TA11
1000541046,TA11,PRD2,101,EM entrée en stock,,4901257499,02.10.2026,144,PC,PF CLIP FIXATION X100 REF 30,BARFLOW_TA11
1000541046,TA11,PRD2,101,EM entrée en stock,,4901257505,02.10.2026,144,PC,PF CLIP FIXATION X100 REF 30,BARFLOW_TA11
1000541046,TA11,PRD2,101,EM entrée en stock,,4901257508,02.10.2026,144,PC,PF CLIP FIXATION X100 REF 30,BARFLOW_TA11
1000541046,TA11,PRD2,101,EM entrée en stock,,4901257510,02.10.2026,144,PC,PF CLIP FIXATION X100 REF 30,BARFLOW_TA11
1000541046,TA11,PRD2,101,EM entrée en stock,,4901257514,02.10.2026,144,PC,PF CLIP FIXATION X100 REF 30,BARFLOW_TA11
1000541046,TA11,PRD2,101,EM entrée en stock,,4901257517,02.10.2026,144,PC,PF CLIP FIXATION X100 REF 30,PLANIF01
1000818461,TA11,PRD2,101,EM entrée en stock,,4901257540,02.10.2026,36,PC,PF CONSOLE CENTRALE REF 24,BARFLOW_TA11
1000571497,TA11,PRD2,101,EM entrée en stock,,4901257541,02.10.2026,96,PC,PF CARTER NOUVELLE VERSION REF 35,BARFLOW_TA11
1000818461,TA11,PRD2,101,EM entrée en stock,,4901257544,02.10.2026,36,PC,PF CONSOLE CENTRALE REF 24,BARFLOW_TA11
1000571497,TA11,PRD2,101,EM entrée en stock,,4901257547,02.10.2026,96,PC,PF CARTER NOUVELLE VERSION REF 35,BARFLOW_TA11
1000818461,TA11,PRD2,101,EM entrée en stock,,4901257549,02.10.2026,36,PC,PF CONSOLE CENTRALE REF 24,BARFLOW_TA11
1000571497,TA11,PRD2,101,EM entrée en stock,,4901257551,02.10.2026,96,PC,PF CARTER NOUVELLE VERSION REF 35,BARFLOW_TA11
1000571497,TA11,PRD2,101,EM entrée en stock,,4901257553,02.10.2026,96,PC,PF CARTER NOUVELLE VERSION REF 35,BARFLOW_TA11
1000910625,TA11,PRD2,101,EM entrée en stock,,4901257560,02.10.2026,72,PC,PF ECROU PLASTIQUE M8 REF 29,BARFLOW_TA11
1000910625,TA11,PRD2,101,EM entrée en stock,,4901257566,02.10.2026,72,PC,PF ECROU PLASTIQUE M8 REF 29,BARFLOW_TA11
1000910625,TA11,PRD2,101,EM entrée en stock,,4901257569,02.10.2026,72,PC,PF ECROU PLASTIQUE M8 REF 29,BARFLOW_TA11
1000715011,TA11,PRD2,101,EM entrée en stock,,4901257571,02.10.2026,750,KG,PF POUDRE EPOXY SAC 20KG,BARFLOW_TA11
1000910625,TA11,PRD2,101,EM entrée en stock,,4901257574,02.10.2026,72,PC,PF ECROU PLASTIQUE M8 REF 29,BARFLOW_TA11
1000715011,TA11,PRD2,101,EM entrée en stock,,4901257577,02.10.2026,750,KG,PF POUDRE EPOXY SAC 20KG,BARFLOW_TA11
1000910625,TA11,PRD2,101,EM entrée en stock,,4901257580,02.10.2026,72,PC,PF ECROU PLASTIQUE M8 REF 29,BARFLOW_TA11
1000715011,TA11,PRD2,101,EM entrée en stock,,4901257586,02.10.2026,750,KG,PF POUDRE EPOXY SAC 20KG,BARFLOW_TA11
1000910625,TA11,PRD2,101,EM entrée en stock,,4901257587,02.10.2026,72,PC,PF ECROU PLASTIQUE M8 REF 29,BARFLOW_TA11
1000910625,TA11,PRD2,101,EM entrée en stock,,4901257592,02.10.2026,72,PC,PF ECROU PLASTIQUE M8 REF 29,BARFLOW_TA11
1000921426,TA11,PRD2,101,EM entrée en stock,,4901257595,02.10.2026,200,PC,PF CONDUIT AIR 80MM REF 15,BARFLOW_TA11
1000910625,TA11,PRD2,101,EM entrée en stock,,4901257605,02.10.2026,72,PC,PF ECROU PLASTIQUE M8 REF 29,BARFLOW_TA11
1000921426,TA11,PRD2,101,EM entrée en stock,,4901257606,02.10.2026,200,PC,PF CONDUIT AIR 80MM REF 15,BARFLOW_TA11
1000921426,TA11,PRD2,101,EM entrée en stock,,4901257612,02.10.2026,200,PC,PF CONDUIT AIR 80MM REF 15,BARFLOW_TA11
1000910625,TA11,PRD2,101,EM entrée en stock,,4901257614,02.10.2026,72,PC,PF ECROU PLASTIQUE M8 REF 29,BARFLOW_TA11
1000562521,TA11,PRD2,101,EM entrée en stock,,4901257616,02.10.2026,144,PC,PF BRIDE SERRAGE INOX REF 16,BARFLOW_TA11
1000921426,TA11,PRD2,101,EM entrée en stock,,4901257618,02.10.2026,200,PC,PF CONDUIT AIR 80MM REF 15,BARFLOW_TA11
1000562521,TA11,PRD2,101,EM entrée en stock,,4901257621,02.10.2026,144,PC,PF BRIDE SERRAGE INOX REF 16,BARFLOW_TA11
1000921426,TA11,PRD2,101,EM entrée en stock,,4901257623,02.10.2026,200,PC,PF CONDUIT AIR 80MM REF 15,BARFLOW_TA11
1000562521,TA11,PRD2,101,EM entrée en stock,,4901257626,02.10.2026,144,PC,PF BRIDE SERRAGE INOX REF 16,BARFLOW_TA11
1000921426,TA11,PRD2,101,EM entrée en stock,,4901257630,02.10.2026,200,PC,PF CONDUIT AIR 80MM REF 15,BARFLOW_TA11
1000921426,TA11,PRD2,101,EM entrée en stock,,4901257636,02.10.2026,400,PC,PF CONDUIT AIR 80MM REF 15,PLANIF01
1000730226,TA11,PRD2,101,EM entrée en stock,,4901257685,03.10.2026,24,PC,PF CAPOT MOTEUR GRIS REF 02,BARFLOW_TA11
1000730226,TA11,PRD2,101,EM entrée en stock,,4901257688,03.10.2026,24,PC,PF CAPOT MOTEUR GRIS REF 02,BARFLOW_TA11
1000730226,TA11,PRD2,101,EM entrée en stock,,4901257691,03.10.2026,24,PC,PF CAPOT MOTEUR GRIS REF 02,BARFLOW_TA11
1000730226,TA11,PRD2,101,EM entrée en stock,,4901257696,03.10.2026,24,PC,PF CAPOT MOTEUR GRIS REF 02,BARFLOW_TA11
1000905427,TA11,PRD2,101,EM entrée en stock,,4901257698,03.10.2026,72,PC,PF PANNEAU PORTE GAUCHE REF 21,PLANIF01
1000216115,TA11,PRD2,101,EM entrée en stock,,4901257699,03.10.2026,480,PC,PF PLAQUE INSONORISANTE REF 33,PLANIF01
1000730226,TA11,PRD2,101,EM entrée en stock,,4901257700,03.10.2026,24,PC,PF CAPOT MOTEUR GRIS REF 02,BARFLOW_TA11
1000905427,TA11,PRD2,101,EM entrée en stock,,4901257702,03.10.2026,72,PC,PF PANNEAU PORTE GAUCHE REF 21,BARFLOW_TA11
1000905427,TA11,PRD2,101,EM entrée en stock,,4901257705,03.10.2026,144,PC,PF PANNEAU PORTE GAUCHE REF 21,PLANIF01
1000216115,TA11,PRD2,101,EM entrée en stock,,4901257706,03.10.2026,480,PC,PF PLAQUE INSONORISANTE REF 33,BARFLOW_TA11
1000730226,TA11,PRD2,101,EM entrée en stock,,4901257707,03.10.2026,24,PC,PF CAPOT MOTEUR GRIS REF 02,BARFLOW_TA11
1000905427,TA11,PRD2,101,EM entrée en stock,,4901257711,03.10.2026,72,PC,PF PANNEAU PORTE GAUCHE REF 21,BARFLOW_TA11
1000216115,TA11,PRD2,101,EM entrée en stock,,4901257714,03.10.2026,480,PC,PF PLAQUE INSONORISANTE REF 33,BARFLOW_TA11
1000730226,TA11,PRD2,101,EM entrée en stock,,4901257717,03.10.2026,24,PC,PF CAPOT MOTEUR GRIS REF 02,BARFLOW_TA11
1000216115,TA11,PRD2,101,EM entrée en stock,,4901257725,03.10.2026,480,PC,PF PLAQUE INSONORISANTE REF 33,BARFLOW_TA11
1000730226,TA11,PRD2,101,EM entrée en stock,,4901257726,03.10.2026,24,PC,PF CAPOT MOTEUR GRIS REF 02,BARFLOW_TA11
1000700381,TA11,PRD2,101,EM entrée en stock,,4901257727,03.10.2026,72,PC,PF BOITIER FUSIBLES REF 11,BARFLOW_TA11
1000216115,TA11,PRD2,101,EM entrée en stock,,4901257731,03.10.2026,480,PC,PF PLAQUE INSONORISANTE REF 33,BARFLOW_TA11
1000700381,TA11,PRD2,101,EM entrée en stock,,4901257734,03.10.2026,72,PC,PF BOITIER FUSIBLES REF 11,BARFLOW_TA11
1000216115,TA11,PRD2,101,EM entrée en stock,,4901257735,03.10.2026,480,PC,PF PLAQUE INSONORISANTE REF 33,BARFLOW_TA11
1000626925,TA11,PRD2,101,EM entrée en stock,,4901257738,03.10.2026,24,PC,PF BOITIER 12V REF 01,BARFLOW_TA11
1000700381,TA11,PRD2,101,EM entrée en stock,,4901257744,03.10.2026,72,PC,PF BOITIER FUSIBLES REF 11,BARFLOW_TA11
1000216115,TA11,PRD2,101,EM entrée en stock,,4901257747,03.10.2026,480,PC,PF PLAQUE INSONORISANTE REF 33,BARFLOW_TA11
1000626925,TA11,PRD2,101,EM entrée en stock,,4901257751,03.10.2026,24,PC,PF BOITIER 12V REF 01,BARFLOW_TA11
1000626925,TA11,PRD2,101,EM entrée en stock,,4901257756,03.10.2026,24,PC,PF BOITIER 12V REF 01,BARFLOW_TA11
1000216115,TA11,PRD2,101,EM entrée en stock,,4901257761,03.10.2026,353,PC,PF PLAQUE INSONORISANTE REF 33,BARFLOW_TA11
1000626925,TA11,PRD2,101,EM entrée en stock,,4901257769,03.10.2026,24,PC,PF BOITIER 12V REF 01,BARFLOW_TA11
1000626925,TA11,PRD2,101,EM entrée en stock,,4901257773,03.10.2026,24,PC,PF BOITIER 12V REF 01,BARFLOW_TA11
1000626925,TA11,PRD2,101,EM entrée en stock,,4901257776,03.10.2026,24,PC,PF BOITIER 12V REF 01,BARFLOW_TA11
1000626925,TA11,PRD2,101,EM entrée en stock,,4901257779,03.10.2026,24,PC,PF BOITIER 12V REF 01,BARFLOW_TA11
1000866025,TA11,PRD2,101,EM entrée en stock,,4901257794,03.10.2026,144,PC,PF GAINE ELECTRIQUE 25MM REF 25,BARFLOW_TA11
1000983322,TA11,PRD2,101,EM entrée en stock,,4901257795,03.10.2026,96,PC,PF POIGNEE PORTE CHROME REF 09,BARFLOW_TA11
1000954340,TA11,PRD2,101,EM entrée en stock,,4901257798,03.10.2026,480,PC,PF FILTRE HABITACLE REF 27,BARFLOW_TA11
1000866025,TA11,PRD2,101,EM entrée en stock,,4901257799,03.10.2026,144,PC,PF GAINE ELECTRIQUE 25MM REF 25,BARFLOW_TA11
1000778636,TA11,PRD2,101,EM entrée en stock,,4901257800,03.10.2026,432,PC,PF GRILLE AERATION BLANCHE REF 08,PLANIF01
1000983322,TA11,PRD2,101,EM entrée en stock,,4901257806,03.10.2026,96,PC,PF POIGNEE PORTE CHROME REF 09,BARFLOW_TA11
1000866025,TA11,PRD2,101,EM entrée en stock,,4901257808,03.10.2026,144,PC,PF GAINE ELECTRIQUE 25MM REF 25,BARFLOW_TA11
1000954340,TA11,PRD2,101,EM entrée en stock,,4901257811,03.10.2026,480,PC,PF FILTRE HABITACLE REF 27,BARFLOW_TA11
1000983322,TA11,PRD2,101,EM entrée en stock,,4901257812,03.10.2026,96,PC,PF POIGNEE PORTE CHROME REF 09,BARFLOW_TA11
1000866025,TA11,PRD2,101,EM entrée en stock,,4901257814,03.10.2026,144,PC,PF GAINE ELECTRIQUE 25MM REF 25,BARFLOW_TA11
1000744039,TA11,PRD2,101,EM entrée en stock,,4901257820,03.10.2026,480,PC,PF PATTE FIXATION REF 26,BARFLOW_TA11
1000954340,TA11,PRD2,101,EM entrée en stock,,4901257821,03.10.2026,480,PC,PF FILTRE HABITACLE REF 27,BARFLOW_TA11
1000983322,TA11,PRD2,101,EM entrée en stock,,4901257830,03.10.2026,96,PC,PF POIGNEE PORTE CHROME REF 09,BARFLOW_TA11
1000744039,TA11,PRD2,101,EM entrée en stock,,4901257834,03.10.2026,480,PC,PF PATTE FIXATION REF 26,BARFLOW_TA11
1000778636,TA11,PRD2,101,EM entrée en stock,,4901257836,03.10.2026,144,PC,PF GRILLE AERATION BLANCHE REF 08,BARFLOW_TA11
1000954340,TA11,PRD2,101,EM entrée en stock,,4901257837,03.10.2026,480,PC,PF FILTRE HABITACLE REF 27,BARFLOW_TA11
1000983322,TA11,PRD2,101,EM entrée en stock,,4901257843,03.10.2026,96,PC,PF POIGNEE PORTE CHROME REF 09,PLANIF01
1000744039,TA11,PRD2,101,EM entrée en stock,,4901257851,03.10.2026,480,PC,PF PATTE FIXATION REF 26,BARFLOW_TA11
1000778636,TA11,PRD2,101,EM entrée en stock,,4901257853,03.10.2026,144,PC,PF GRILLE AERATION BLANCHE REF 08,BARFLOW_TA11
1000744039,TA11,PRD2,101,EM entrée en stock,,4901257859,03.10.2026,1440,PC,PF PATTE FIXATION REF 26,PLANIF01
1000983322,TA11,PRD2,101,EM entrée en stock,,4901257861,03.10.2026,96,PC,PF POIGNEE PORTE CHROME REF 09,BARFLOW_TA11
1000778636,TA11,PRD2,101,EM entrée en stock,,4901257864,03.10.2026,144,PC,PF GRILLE AERATION BLANCHE REF 08,PLANIF01
1000983322,TA11,PRD2,101,EM entrée en stock,,4901257871,03.10.2026,76,PC,PF POIGNEE PORTE CHROME REF 09,BARFLOW_TA11
1000778636,TA11,PRD2,101,EM entrée en stock,,4901257874,03.10.2026,144,PC,PF GRILLE AERATION BLANCHE REF 08,BARFLOW_TA11
1000744039,TA11,PRD2,101,EM entrée en stock,,4901257880,03.10.2026,358,PC,PF PATTE FIXATION REF 26,BARFLOW_TA11
1000320436,TA11,PRD2,101,EM entrée en stock,,4901257897,03.10.2026,60,PC,PF JOINT ETANCHEITE 60MM REF 10,BARFLOW_TA11
1000320436,TA11,PRD2,101,EM entrée en stock,,4901257918,03.10.2026,60,PC,PF JOINT ETANCHEITE 60MM REF 10,BARFLOW_TA11
1000320436,TA11,PRD2,101,EM entrée en stock,,4901257925,03.10.2026,60,PC,PF JOINT ETANCHEITE 60MM REF 10,BARFLOW_TA11
1000320436,TA11,PRD2,101,EM entrée en stock,,4901257930,03.10.2026,60,PC,PF JOINT ETANCHEITE 60MM REF 10,BARFLOW_TA11
1000320436,TA11,PRD2,101,EM entrée en stock,,4901257935,03.10.2026,60,PC,PF JOINT ETANCHEITE 60MM REF 10,BARFLOW_TA11
1000207622,TA11,PRD2,101,EM entrée en stock,,4901257951,03.10.2026,400,KG,PF GRANULE PE NOIR BIG BAG,BARFLOW_TA11
1000207622,TA11,PRD2,101,EM entrée en stock,,4901257954,03.10.2026,400,KG,PF GRANULE PE NOIR BIG BAG,BARFLOW_TA11
1000207622,TA11,PRD2,101,EM entrée en stock,,4901257957,03.10.2026,400,KG,PF GRANULE PE NOIR BIG BAG,BARFLOW_TA11
1000207622,TA11,PRD2,101,EM entrée en stock,,4901257960,03.10.2026,400,KG,PF GRANULE PE NOIR BIG BAG,BARFLOW_TA11
1000207622,TA11,PRD2,101,EM entrée en stock,,4901257963,03.10.2026,400,KG,PF GRANULE PE NOIR BIG BAG,BARFLOW_TA11
