Article,Division,Magasin,Désignation article,Stock utilisation libre,UQS,Date stock
1000102657,TA11,EXP2,PF BAC RANGEMENT REF 23,3553,PC,20.09.2026
1000102657,TA11,EMRT,PF BAC RANGEMENT REF 23,2736,PC,20.09.2026
1000112046,TA11,EXP2,PF ENJOLIVEUR LATERAL REF 14,3080,PC,20.09.2026
1000112046,TA11,EMRT,PF ENJOLIVEUR LATERAL REF 14,2160,PC,20.09.2026
1000184644,TA11,EXP2,PF RESERVOIR LAVE-GLACE REF 18,4600,PC,20.09.2026
1000202814,TA11,EXP2,PF CARTER PROTECTION NOIR REF 06,5328,PC,20.09.2026
1000202814,TA11,EMRT,PF CARTER PROTECTION NOIR REF 06,2016,PC,20.09.2026
1000207622,TA11,EXP2,PF GRANULE PE NOIR BIG BAG,7437.5,KG,20.09.2026
1000216115,TA11,EXP2,PF PLAQUE INSONORISANTE REF 33,19200,PC,20.09.2026
1000224906,TA11,EXP2,PF COUVERCLE BATTERIE REF 13,3820,PC,20.09.2026
1000224906,TA11,EMRT,PF COUVERCLE BATTERIE REF 13,2160,PC,20.09.2026
1000320436,TA11,EXP2,PF JOINT ETANCHEITE 60MM REF 10,1380,PC,20.09.2026
1000334130,TA11,EXP2,PF PLATINE ELECTRONIQUE REF 12,16065,PC,20.09.2026
1000334130,TA11,EMRT,PF PLATINE ELECTRONIQUE REF 12,10560,PC,20.09.2026
1000351589,TA11,EXP2,PF BOITIER COMMANDE REF 31,1680,PC,20.09.2026
1000401193,TA11,EXP2,PF FAISCEAU CABLE 1M2 REF 05,5520,PC,20.09.2026
1000429497,TA11,EXP2,PF PANNEAU PORTE DROIT REF 22,1920,PC,20.09.2026
1000429497,TA11,EMRT,PF PANNEAU PORTE DROIT REF 22,1824,PC,20.09.2026
1000435003,TA11,EXP2,PF CAPTEUR TEMPERATURE REF 17,2760,PC,20.09.2026
1000435003,TA11,EMRT,PF CAPTEUR TEMPERATURE REF 17,1680,PC,20.09.2026
1000516512,TA11,EXP2,PF SUPPORT PARE-CHOC REF 19,7771,PC,20.09.2026
1000516512,TA11,EMRT,PF SUPPORT PARE-CHOC REF 19,3840,PC,20.09.2026
1000541046,TA11,EXP2,PF CLIP FIXATION X100 REF 30,2304,PC,20.09.2026
1000562521,TA11,EXP2,PF BRIDE SERRAGE INOX REF 16,2356,PC,20.09.2026
1000562521,TA11,EMRT,PF BRIDE SERRAGE INOX REF 16,1008,PC,20.09.2026
1000614102,TA11,EXP2,PF SUPPORT FIXATION ACIER REF 03,1152,PC,20.09.2026
1000614750,TA11,PRD2,PF COQUE RETROVISEUR REF 32,306,PC,20.09.2026
1000614750,TA11,EXP2,PF COQUE RETROVISEUR REF 32,1920,PC,20.09.2026
1000626925,TA11,PRD2,PF BOITIER 12V REF 01,72,PC,20.09.2026
1000626925,TA11,EXP2,PF BOITIER 12V REF 01,369,PC,20.09.2026
1000626925,TA11,EMRT,PF BOITIER 12V REF 01,240,PC,20.09.2026
1000636685,TA11,EXP2,PF TUYAU REFROIDISSEMENT REF 28,3600,PC,20.09.2026
1000674421,TA11,EXP2,PF GRANULE PP SAC 25KG,18750,KG,20.09.2026
1000674421,TA11,EMRT,PF GRANULE PP SAC 25KG,13500,KG,20.09.2026
1000700381,TA11,PRD2,PF BOITIER FUSIBLES REF 11,216,PC,20.09.2026
1000700381,TA11,EXP2,PF BOITIER FUSIBLES REF 11,1671,PC,20.09.2026
1000715011,TA11,EXP2,PF POUDRE EPOXY SAC 20KG,10391,KG,20.09.2026
1000715011,TA11,EMRT,PF POUDRE EPOXY SAC 20KG,6000,KG,20.09.2026
1000730226,TA11,EXP2,PF CAPOT MOTEUR GRIS REF 02,504,PC,20.09.2026
1000730226,TA11,EMRT,PF CAPOT MOTEUR GRIS REF 02,432,PC,20.09.2026
1000744039,TA11,PRD2,PF PATTE FIXATION REF 26,1440,PC,20.09.2026
1000744039,TA11,EXP2,PF PATTE FIXATION REF 26,10560,PC,20.09.2026
1000744039,TA11,EMRT,PF PATTE FIXATION REF 26,6240,PC,20.09.2026
1000751673,TA11,EXP2,PF BOUCHON RESERVOIR REF 07,3200,PC,20.09.2026
1000751673,TA11,EMRT,PF BOUCHON RESERVOIR REF 07,1400,PC,20.09.2026
1000778636,TA11,EXP2,PF GRILLE AERATION BLANCHE REF 08,4176,PC,20.09.2026
1000778636,TA11,EMRT,PF GRILLE AERATION BLANCHE REF 08,3024,PC,20.09.2026
1000812390,TA11,EXP2,PF CACHE MOTEUR REF 20,688,PC,20.09.2026
1000812390,TA11,EMRT,PF CACHE MOTEUR REF 20,312,PC,20.09.2026
1000818461,TA11,EXP2,PF CONSOLE CENTRALE REF 24,535,PC,20.09.2026
1000818461,TA11,EMRT,PF CONSOLE CENTRALE REF 24,324,PC,20.09.2026
1000866025,TA11,EXP2,PF GAINE ELECTRIQUE 25MM REF 25,2077,PC,20.09.2026
1000866025,TA11,EMRT,PF GAINE ELECTRIQUE 25MM REF 25,864,PC,20.09.2026
1000887507,TA11,PRD2,PF COMPOUND ABS VRAC OCTABIN,1800,KG,20.09.2026
1000887507,TA11,EXP2,PF COMPOUND ABS VRAC OCTABIN,16200,KG,20.09.2026
1000887507,TA11,EMRT,PF COMPOUND ABS VRAC OCTABIN,8400,KG,20.09.2026
1000905427,TA11,EXP2,PF PANNEAU PORTE GAUCHE REF 21,1224,PC,20.09.2026
1000905427,TA11,EMRT,PF PANNEAU PORTE GAUCHE REF 21,576,PC,20.09.2026
1000910625,TA11,EXP2,PF ECROU PLASTIQUE M8 REF 29,2592,PC,20.09.2026
1000910625,TA11,EMRT,PF ECROU PLASTIQUE M8 REF 29,1800,PC,20.09.2026
1000914295,TA11,EXP2,PF CONNECTEUR 4 VOIES REF 04,8000,PC,20.09.2026
1000914295,TA11,EMRT,PF CONNECTEUR 4 VOIES REF 04,4160,PC,20.09.2026
1000921426,TA11,PRD2,PF CONDUIT AIR 80MM REF 15,400,PC,20.09.2026
1000921426,TA11,EXP2,PF CONDUIT AIR 80MM REF 15,6262,PC,20.09.2026
1000954340,TA11,EXP2,PF FILTRE HABITACLE REF 27,7680,PC,20.09.2026
1000954340,TA11,EMRT,PF FILTRE HABITACLE REF 27,7680,PC,20.09.2026
1000956436,TA11,EXP2,PF MELANGE MAITRE BLANC SAC,13200,KG,20.09.2026
1000956436,TA11,EMRT,PF MELANGE MAITRE BLANC SAC,7200,KG,20.09.2026
1000983322,TA11,PRD2,PF POIGNEE PORTE CHROME REF 09,192,PC,20.09.2026
1000983322,TA11,EXP2,PF POIGNEE PORTE CHROME REF 09,2784,PC,20.09.2026
1000983322,TA11,EMRT,PF POIGNEE PORTE CHROME REF 09,1344,PC,20.09.2026
